Resource,Zone,region,New_Build,Can_Retire,Existing_Cap_MW,Max_Cap_MW,Min_Cap_MW,Inv_Cost_per_MWyr,Fixed_OM_Cost_per_MWyr,cluster,Resource_Type,MGA
Antelope_Neenach_Off_Peak_group,0,None,1,0,0,15,0,278100,0,0,None,0
Antelope_Neenach_On_Peak_group,0,None,1,0,0,2000,0,4635,0,0,None,0
Antelope_Vincent_group,0,None,1,0,0,1500,0,815.76,0,0,None,0
Arizona_Flow_Battery_48,0,None,1,0,0,99999,0,247322.1086,0,0,None,0
Arizona_Flow_Battery_55,0,None,1,0,0,99999,0,247322.1086,0,0,None,0
Arizona_Flow_Battery_62,0,None,1,0,0,99999,0,247322.1086,0,0,None,0
Arizona_Flow_Battery_77,0,None,1,0,0,99999,0,247322.1086,0,0,None,0
Arizona_Flow_Battery_90,0,None,1,0,0,99999,0,247322.1086,0,0,None,0
Arizona_Li_Battery_4hr_48,0,None,1,0,0,99999,0,121707.2751,0,0,None,0
Arizona_Li_Battery_4hr_55,0,None,1,0,0,99999,0,121707.2751,0,0,None,0
Arizona_Li_Battery_4hr_62,0,None,1,0,0,99999,0,121707.2751,0,0,None,0
Arizona_Li_Battery_4hr_77,0,None,1,0,0,99999,0,121707.2751,0,0,None,0
Arizona_Li_Battery_4hr_90,0,None,1,0,0,99999,0,121707.2751,0,0,None,0
Arizona_Li_Battery_8hr_48,0,None,1,0,0,99999,0,201147.2751,0,0,None,0
Arizona_Li_Battery_8hr_55,0,None,1,0,0,99999,0,201147.2751,0,0,None,0
Arizona_Li_Battery_8hr_62,0,None,1,0,0,99999,0,201147.2751,0,0,None,0
Arizona_Li_Battery_8hr_77,0,None,1,0,0,99999,0,201147.2751,0,0,None,0
Arizona_Li_Battery_8hr_90,0,None,1,0,0,99999,0,201147.2751,0,0,None,0
Arizona_Solar_48,0,None,1,0,0,14905.41045,0,73953.74471,0,0,None,0
Arizona_Solar_55,0,None,1,0,0,7835.261201,0,58602.60061,0,0,None,0
Arizona_Solar_62,0,None,1,0,0,16736.19404,0,61478.96895,0,0,None,0
Arizona_Solar_77,0,None,1,0,0,7333.768655,0,58160.17925,0,0,None,0
Arizona_Solar_90,0,None,1,0,0,27874.81345,0,61626.45296,0,0,None,0
Baja_California_Wind_133,0,None,1,0,0,2472.82,0,94877.95213450001,0,0,None,0
Bell_Placer_group,0,None,1,0,0,480,0,35728.125,0,0,None,0
Borden_Storey_group,0,None,1,0,0,1247,0,3716.92061,0,0,None,0
Calcite_Lugo_group,0,None,1,0,0,1046,0,21180.975143400003,0,0,None,0
Capistrano_San_Onofre_group,0,None,1,0,0,920,0,5854.206522,0,0,None,0
Carberry_Round_Mt_group,0,None,1,0,0,26,0,641769.2308,0,0,None,0
Central_Nevada_Geothermal_42,0,None,1,0,0,596,0,519649.9668,0,0,None,0
Central_Valley_North_Los_Banos_Biomass_47,0,None,1,0,0,384.7083918,0,521585.33756949997,0,0,None,0
Central_Valley_North_Los_Banos_Wind_125,0,None,1,0,0,146.3324923,0,118652.9523,0,0,None,0
Central_Valley_North_Los_Banos_Wind_154,0,None,1,0,0,1222.783646,0,105933.5099,0,0,None,0
Central_Valley_North_Los_Banos_Wind_162,0,None,1,0,0,1391.510037,0,106133.2525,0,0,None,0
Central_Valley_North_Los_Banos_Wind_17,0,None,1,0,0,47.10439032,0,104023.3847,0,0,None,0
Chicarita_138_group,0,None,1,0,0,700,0,13242.85714,0,0,None,0
Collinsville_500_group,0,None,1,0,0,978,0,0,0,0,None,0
Colorado_River_230_group,0,None,1,0,0,1370,0,4533.50365,0,0,None,0
Colorado_River_Red_Bluff_group,0,None,1,0,0,588,0,0,0,0,None,0
Contra_Costa_Tesla_Newark_group,0,None,1,0,0,6034,0,6411.447862,0,0,None,0
Control_Inyokern_group,0,None,1,0,0,186,0,163969.3548,0,0,None,0
Cortina_Eagle_Rock_group,0,None,1,0,0,50,0,92700,0,0,None,0
DCRT_group,0,None,1,0,0,3000,0,14306.699999999999,0,0,None,0
Dairyland_Chowchilla_group,0,None,1,0,0,1211,0,19137.076795999998,0,0,None,0
Del_Amo_Barre_group,0,None,1,0,0,1058,0,963.7996219,0,0,None,0
Devers_Red_Bluff_group,0,None,1,0,0,5000,0,0,0,0,None,0
Diablo_Midway_4_group,0,None,1,0,0,4125,0,18652.36364,0,0,None,0
East_Miguel_group,0,None,1,0,0,2823,0,0,0,0,None,0
Encina_San_Luis_Rey_group,0,None,1,0,0,3914,0,1991.913158,0,0,None,0
Etiwanda_Rancho_Vista_group,0,None,1,0,0,3350,0,2462.776119,0,0,None,0
GLW_230_group,0,None,1,0,0,1285,0,0,0,0,None,0
Gates_Panoche_group,0,None,1,0,0,8379,0,2368.247691,0,0,None,0
Gates_TB_13_group,0,None,1,0,0,10038,0,323.22175730000004,0,0,None,0
Gates_TB_5_group,0,None,1,0,0,47,0,216957.4468,0,0,None,0
Grant_Eastshore_2_group,0,None,1,0,0,290,0,39956.896551699996,0,0,None,0
Greater_Imperial_Biomass_20,0,None,1,0,0,133.5805559,0,521585.33756949997,0,0,None,0
Greater_Imperial_Flow_Battery_107,0,None,1,0,0,99999,0,247877.892,0,0,None,0
Greater_Imperial_Flow_Battery_108,0,None,1,0,0,99999,0,247877.892,0,0,None,0
Greater_Imperial_Flow_Battery_133,0,None,1,0,0,99999,0,247877.892,0,0,None,0
Greater_Imperial_Flow_Battery_20,0,None,1,0,0,99999,0,247877.892,0,0,None,0
Greater_Imperial_Flow_Battery_63,0,None,1,0,0,99999,0,247877.892,0,0,None,0
Greater_Imperial_Geothermal_20,0,None,1,0,0,547.5379393,0,478746.1552,0,0,None,0
Greater_Imperial_Geothermal_63,0,None,1,0,0,1920.17,0,479186.9341,0,0,None,0
Greater_Imperial_Li_Battery_4hr_107,0,None,1,0,0,99999,0,122603.4726,0,0,None,0
Greater_Imperial_Li_Battery_4hr_108,0,None,1,0,0,99999,0,122603.4726,0,0,None,0
Greater_Imperial_Li_Battery_4hr_133,0,None,1,0,0,99999,0,122603.4726,0,0,None,0
Greater_Imperial_Li_Battery_4hr_20,0,None,1,0,0,99999,0,122603.4726,0,0,None,0
Greater_Imperial_Li_Battery_4hr_63,0,None,1,0,0,99999,0,122603.4726,0,0,None,0
Greater_Imperial_Li_Battery_8hr_107,0,None,1,0,0,99999,0,202043.4726,0,0,None,0
Greater_Imperial_Li_Battery_8hr_108,0,None,1,0,0,99999,0,202043.4726,0,0,None,0
Greater_Imperial_Li_Battery_8hr_133,0,None,1,0,0,99999,0,202043.4726,0,0,None,0
Greater_Imperial_Li_Battery_8hr_20,0,None,1,0,0,99999,0,202043.4726,0,0,None,0
Greater_Imperial_Li_Battery_8hr_63,0,None,1,0,0,99999,0,202043.4726,0,0,None,0
Greater_Imperial_Solar_107,0,None,1,0,0,681.4365633,0,58426.1873,0,0,None,0
Greater_Imperial_Solar_108,0,None,1,0,0,1666.511192,0,66480.12333,0,0,None,0
Greater_Imperial_Solar_133,0,None,1,0,0,109.1417919,0,63491.5664,0,0,None,0
Greater_Imperial_Solar_20,0,None,1,0,0,8871.268707,0,70358.50681,0,0,None,0
Greater_Imperial_Solar_63,0,None,1,0,0,2947.94776,0,72478.85230510001,0,0,None,0
Greater_Imperial_Wind_108,0,None,1,0,0,133.2050386,0,95525.32689,0,0,None,0
Greater_Kramer_Flow_Battery_103,0,None,1,0,0,99999,0,247877.892,0,0,None,0
Greater_Kramer_Flow_Battery_123,0,None,1,0,0,99999,0,247877.892,0,0,None,0
Greater_Kramer_Flow_Battery_156,0,None,1,0,0,99999,0,247877.892,0,0,None,0
Greater_Kramer_Flow_Battery_86,0,None,1,0,0,99999,0,247877.892,0,0,None,0
Greater_Kramer_Li_Battery_4hr_103,0,None,1,0,0,99999,0,122603.4726,0,0,None,0
Greater_Kramer_Li_Battery_4hr_123,0,None,1,0,0,99999,0,122603.4726,0,0,None,0
Greater_Kramer_Li_Battery_4hr_156,0,None,1,0,0,99999,0,122603.4726,0,0,None,0
Greater_Kramer_Li_Battery_4hr_86,0,None,1,0,0,99999,0,122603.4726,0,0,None,0
Greater_Kramer_Li_Battery_8hr_103,0,None,1,0,0,99999,0,202043.4726,0,0,None,0
Greater_Kramer_Li_Battery_8hr_123,0,None,1,0,0,99999,0,202043.4726,0,0,None,0
Greater_Kramer_Li_Battery_8hr_156,0,None,1,0,0,99999,0,202043.4726,0,0,None,0
Greater_Kramer_Li_Battery_8hr_86,0,None,1,0,0,99999,0,202043.4726,0,0,None,0
Greater_Kramer_Solar_103,0,None,1,0,0,3957.089557,0,59385.870284200006,0,0,None,0
Greater_Kramer_Solar_123,0,None,1,0,0,10579.75747,0,67301.83359,0,0,None,0
Greater_Kramer_Solar_156,0,None,1,0,0,4108.208949,0,71139.04342,0,0,None,0
Greater_Kramer_Solar_86,0,None,1,0,0,793.936563,0,66644.41657,0,0,None,0
Greater_LA_Flow_Battery_18,0,None,1,0,0,99999,0,247877.892,0,0,None,0
Greater_LA_Flow_Battery_30,0,None,1,0,0,99999,0,247877.892,0,0,None,0
Greater_LA_Flow_Battery_4,0,None,1,0,0,99999,0,247877.892,0,0,None,0
Greater_LA_Flow_Battery_58,0,None,1,0,0,99999,0,247877.892,0,0,None,0
Greater_LA_Li_Battery_4hr_18,0,None,1,0,0,99999,0,122603.4726,0,0,None,0
Greater_LA_Li_Battery_4hr_30,0,None,1,0,0,99999,0,122603.4726,0,0,None,0
Greater_LA_Li_Battery_4hr_4,0,None,1,0,0,99999,0,122603.4726,0,0,None,0
Greater_LA_Li_Battery_4hr_58,0,None,1,0,0,99999,0,122603.4726,0,0,None,0
Greater_LA_Li_Battery_8hr_18,0,None,1,0,0,99999,0,202043.4726,0,0,None,0
Greater_LA_Li_Battery_8hr_30,0,None,1,0,0,99999,0,202043.4726,0,0,None,0
Greater_LA_Li_Battery_8hr_4,0,None,1,0,0,99999,0,202043.4726,0,0,None,0
Greater_LA_Li_Battery_8hr_58,0,None,1,0,0,99999,0,202043.4726,0,0,None,0
Greater_LA_Solar_18,0,None,1,0,0,3896.921635,0,71971.82284980001,0,0,None,0
Greater_LA_Solar_30,0,None,1,0,0,72.76119609,0,72297.5664,0,0,None,0
Greater_LA_Solar_4,0,None,1,0,0,375.0000016,0,68347.19937609999,0,0,None,0
Greater_LA_Solar_58,0,None,1,0,0,7017.817185,0,73191.38953,0,0,None,0
Hinson_Del_Amo_group,0,None,1,0,0,800,0,3244.5,0,0,None,0
Humboldt_Bay_Offshore_Wind_Asset,0,None,1,0,0,2680,0,316486.27005560003,0,0,None,0
Humboldt_Offshore_Line_group,0,None,1,0,0,2680,0,148504.4776,0,0,None,0
Idaho_Wind_19,0,None,1,0,0,1100,0,150723.0831,0,0,None,0
Internal_San_Diego_group,0,None,1,0,0,1821,0,5452.042834,0,0,None,0
Inyokern_North_Kramer_Geothermal_156,0,None,1,0,0,43.4,0,485700.4475,0,0,None,0
Inyokern_North_Kramer_Geothermal_9,0,None,1,0,0,7.1,0,476185.8175,0,0,None,0
Jackson_Waukena_Corcoran_group,0,None,1,0,0,66,0,210681.8182,0,0,None,0
Kern_TB_4_group,0,None,1,0,0,179,0,15536.31285,0,0,None,0
Kern_Tevis_Stockdale_Lamont_group,0,None,1,0,0,367,0,30310.6267,0,0,None,0
Kramer_Victor_group,0,None,1,0,0,1206,0,0,0,0,None,0
Lugo_500_230_Transformer_group,0,None,1,0,0,1178,0,0,0,0,None,0
Lugo_Victorville_group,0,None,1,0,0,6800,0,29514.044117600002,0,0,None,0
Manning_115_group,0,None,1,0,0,3160,0,10854.11392,0,0,None,0
Manning_500_group,0,None,1,0,0,4931,0,0,0,0,None,0
Midway_Q2011_group,0,None,1,0,0,234,0,39615.38462,0,0,None,0
Midway_TB_3_group,0,None,1,0,0,784,0,17735.96939,0,0,None,0
Midway_Taft_group,0,None,1,0,0,206,0,279000,0,0,None,0
Moorpark_Pardee_group,0,None,1,0,0,900,0,61800,0,0,None,0
Morro_Bay_Offshore_500_group,0,None,1,0,0,4875,0,3904.492308,0,0,None,0
Morro_Bay_Offshore_Wind_Asset,0,None,1,0,0,4875,0,319630.8261,0,0,None,0
Moss_Landing_Las_Aguillas_group,0,None,1,0,0,1760,0,2117.352273,0,0,None,0
New_Mexico_Wind_55,0,None,1,0,0,6000,0,170616.8966,0,0,None,0
Newark_Los_Esteros_group,0,None,1,0,0,348,0,0,0,0,None,0
North_Magunden_group,0,None,1,0,0,500,0,232306.19999999998,0,0,None,0
Northern_California_Biomass_5,0,None,1,0,0,637.4440394,0,521585.33756949997,0,0,None,0
Northern_California_Flow_Battery_100,0,None,1,0,0,99999,0,247877.892,0,0,None,0
Northern_California_Flow_Battery_112,0,None,1,0,0,99999,0,247877.892,0,0,None,0
Northern_California_Flow_Battery_113,0,None,1,0,0,99999,0,247877.892,0,0,None,0
Northern_California_Flow_Battery_114,0,None,1,0,0,99999,0,247877.892,0,0,None,0
Northern_California_Flow_Battery_116,0,None,1,0,0,99999,0,247877.892,0,0,None,0
Northern_California_Flow_Battery_121,0,None,1,0,0,99999,0,247877.892,0,0,None,0
Northern_California_Flow_Battery_122,0,None,1,0,0,99999,0,247877.892,0,0,None,0
Northern_California_Flow_Battery_126,0,None,1,0,0,99999,0,247877.892,0,0,None,0
Northern_California_Flow_Battery_127,0,None,1,0,0,99999,0,247877.892,0,0,None,0
Northern_California_Flow_Battery_130,0,None,1,0,0,99999,0,247877.892,0,0,None,0
Northern_California_Flow_Battery_132,0,None,1,0,0,99999,0,247877.892,0,0,None,0
Northern_California_Flow_Battery_135,0,None,1,0,0,99999,0,247877.892,0,0,None,0
Northern_California_Flow_Battery_138,0,None,1,0,0,99999,0,247877.892,0,0,None,0
Northern_California_Flow_Battery_141,0,None,1,0,0,99999,0,247877.892,0,0,None,0
Northern_California_Flow_Battery_144,0,None,1,0,0,99999,0,247877.892,0,0,None,0
Northern_California_Flow_Battery_149,0,None,1,0,0,99999,0,247877.892,0,0,None,0
Northern_California_Flow_Battery_150,0,None,1,0,0,99999,0,247877.892,0,0,None,0
Northern_California_Flow_Battery_155,0,None,1,0,0,99999,0,247877.892,0,0,None,0
Northern_California_Flow_Battery_157,0,None,1,0,0,99999,0,247877.892,0,0,None,0
Northern_California_Flow_Battery_158,0,None,1,0,0,99999,0,247877.892,0,0,None,0
Northern_California_Flow_Battery_159,0,None,1,0,0,99999,0,247877.892,0,0,None,0
Northern_California_Flow_Battery_166,0,None,1,0,0,99999,0,247877.892,0,0,None,0
Northern_California_Flow_Battery_172,0,None,1,0,0,99999,0,247877.892,0,0,None,0
Northern_California_Flow_Battery_178,0,None,1,0,0,99999,0,247877.892,0,0,None,0
Northern_California_Flow_Battery_179,0,None,1,0,0,99999,0,247877.892,0,0,None,0
Northern_California_Flow_Battery_180,0,None,1,0,0,99999,0,247877.892,0,0,None,0
Northern_California_Flow_Battery_25,0,None,1,0,0,99999,0,247877.892,0,0,None,0
Northern_California_Flow_Battery_26,0,None,1,0,0,99999,0,247877.892,0,0,None,0
Northern_California_Flow_Battery_29,0,None,1,0,0,99999,0,247877.892,0,0,None,0
Northern_California_Flow_Battery_31,0,None,1,0,0,99999,0,247877.892,0,0,None,0
Northern_California_Flow_Battery_35,0,None,1,0,0,99999,0,247877.892,0,0,None,0
Northern_California_Flow_Battery_38,0,None,1,0,0,99999,0,247877.892,0,0,None,0
Northern_California_Flow_Battery_41,0,None,1,0,0,99999,0,247877.892,0,0,None,0
Northern_California_Flow_Battery_44,0,None,1,0,0,99999,0,247877.892,0,0,None,0
Northern_California_Flow_Battery_5,0,None,1,0,0,99999,0,247877.892,0,0,None,0
Northern_California_Flow_Battery_51,0,None,1,0,0,99999,0,247877.892,0,0,None,0
Northern_California_Flow_Battery_57,0,None,1,0,0,99999,0,247877.892,0,0,None,0
Northern_California_Flow_Battery_68,0,None,1,0,0,99999,0,247877.892,0,0,None,0
Northern_California_Flow_Battery_70,0,None,1,0,0,99999,0,247877.892,0,0,None,0
Northern_California_Flow_Battery_73,0,None,1,0,0,99999,0,247877.892,0,0,None,0
Northern_California_Flow_Battery_76,0,None,1,0,0,99999,0,247877.892,0,0,None,0
Northern_California_Flow_Battery_80,0,None,1,0,0,99999,0,247877.892,0,0,None,0
Northern_California_Flow_Battery_82,0,None,1,0,0,99999,0,247877.892,0,0,None,0
Northern_California_Flow_Battery_83,0,None,1,0,0,99999,0,247877.892,0,0,None,0
Northern_California_Flow_Battery_84,0,None,1,0,0,99999,0,247877.892,0,0,None,0
Northern_California_Flow_Battery_85,0,None,1,0,0,99999,0,247877.892,0,0,None,0
Northern_California_Flow_Battery_92,0,None,1,0,0,99999,0,247877.892,0,0,None,0
Northern_California_Flow_Battery_94,0,None,1,0,0,99999,0,247877.892,0,0,None,0
Northern_California_Flow_Battery_96,0,None,1,0,0,99999,0,247877.892,0,0,None,0
Northern_California_Geothermal_100,0,None,1,0,0,9,0,485679.0989,0,0,None,0
Northern_California_Geothermal_35,0,None,1,0,0,22.7,0,483193.0844,0,0,None,0
Northern_California_Geothermal_5,0,None,1,0,0,538.9,0,488907.52,0,0,None,0
Northern_California_Geothermal_70,0,None,1,0,0,277.7,0,476458.4704,0,0,None,0
Northern_California_Li_Battery_4hr_100,0,None,1,0,0,99999,0,122603.4726,0,0,None,0
Northern_California_Li_Battery_4hr_112,0,None,1,0,0,99999,0,122603.4726,0,0,None,0
Northern_California_Li_Battery_4hr_113,0,None,1,0,0,99999,0,122603.4726,0,0,None,0
Northern_California_Li_Battery_4hr_114,0,None,1,0,0,99999,0,122603.4726,0,0,None,0
Northern_California_Li_Battery_4hr_116,0,None,1,0,0,99999,0,122603.4726,0,0,None,0
Northern_California_Li_Battery_4hr_121,0,None,1,0,0,99999,0,122603.4726,0,0,None,0
Northern_California_Li_Battery_4hr_122,0,None,1,0,0,99999,0,122603.4726,0,0,None,0
Northern_California_Li_Battery_4hr_126,0,None,1,0,0,99999,0,122603.4726,0,0,None,0
Northern_California_Li_Battery_4hr_127,0,None,1,0,0,99999,0,122603.4726,0,0,None,0
Northern_California_Li_Battery_4hr_130,0,None,1,0,0,99999,0,122603.4726,0,0,None,0
Northern_California_Li_Battery_4hr_132,0,None,1,0,0,99999,0,122603.4726,0,0,None,0
Northern_California_Li_Battery_4hr_135,0,None,1,0,0,99999,0,122603.4726,0,0,None,0
Northern_California_Li_Battery_4hr_138,0,None,1,0,0,99999,0,122603.4726,0,0,None,0
Northern_California_Li_Battery_4hr_141,0,None,1,0,0,99999,0,122603.4726,0,0,None,0
Northern_California_Li_Battery_4hr_144,0,None,1,0,0,99999,0,122603.4726,0,0,None,0
Northern_California_Li_Battery_4hr_149,0,None,1,0,0,99999,0,122603.4726,0,0,None,0
Northern_California_Li_Battery_4hr_150,0,None,1,0,0,99999,0,122603.4726,0,0,None,0
Northern_California_Li_Battery_4hr_155,0,None,1,0,0,99999,0,122603.4726,0,0,None,0
Northern_California_Li_Battery_4hr_157,0,None,1,0,0,99999,0,122603.4726,0,0,None,0
Northern_California_Li_Battery_4hr_158,0,None,1,0,0,99999,0,122603.4726,0,0,None,0
Northern_California_Li_Battery_4hr_159,0,None,1,0,0,99999,0,122603.4726,0,0,None,0
Northern_California_Li_Battery_4hr_166,0,None,1,0,0,99999,0,122603.4726,0,0,None,0
Northern_California_Li_Battery_4hr_172,0,None,1,0,0,99999,0,122603.4726,0,0,None,0
Northern_California_Li_Battery_4hr_178,0,None,1,0,0,99999,0,122603.4726,0,0,None,0
Northern_California_Li_Battery_4hr_179,0,None,1,0,0,99999,0,122603.4726,0,0,None,0
Northern_California_Li_Battery_4hr_180,0,None,1,0,0,99999,0,122603.4726,0,0,None,0
Northern_California_Li_Battery_4hr_25,0,None,1,0,0,99999,0,122603.4726,0,0,None,0
Northern_California_Li_Battery_4hr_26,0,None,1,0,0,99999,0,122603.4726,0,0,None,0
Northern_California_Li_Battery_4hr_29,0,None,1,0,0,99999,0,122603.4726,0,0,None,0
Northern_California_Li_Battery_4hr_31,0,None,1,0,0,99999,0,122603.4726,0,0,None,0
Northern_California_Li_Battery_4hr_35,0,None,1,0,0,99999,0,122603.4726,0,0,None,0
Northern_California_Li_Battery_4hr_38,0,None,1,0,0,99999,0,122603.4726,0,0,None,0
Northern_California_Li_Battery_4hr_41,0,None,1,0,0,99999,0,122603.4726,0,0,None,0
Northern_California_Li_Battery_4hr_44,0,None,1,0,0,99999,0,122603.4726,0,0,None,0
Northern_California_Li_Battery_4hr_5,0,None,1,0,0,99999,0,122603.4726,0,0,None,0
Northern_California_Li_Battery_4hr_51,0,None,1,0,0,99999,0,122603.4726,0,0,None,0
Northern_California_Li_Battery_4hr_57,0,None,1,0,0,99999,0,122603.4726,0,0,None,0
Northern_California_Li_Battery_4hr_68,0,None,1,0,0,99999,0,122603.4726,0,0,None,0
Northern_California_Li_Battery_4hr_70,0,None,1,0,0,99999,0,122603.4726,0,0,None,0
Northern_California_Li_Battery_4hr_73,0,None,1,0,0,99999,0,122603.4726,0,0,None,0
Northern_California_Li_Battery_4hr_76,0,None,1,0,0,99999,0,122603.4726,0,0,None,0
Northern_California_Li_Battery_4hr_80,0,None,1,0,0,99999,0,122603.4726,0,0,None,0
Northern_California_Li_Battery_4hr_82,0,None,1,0,0,99999,0,122603.4726,0,0,None,0
Northern_California_Li_Battery_4hr_83,0,None,1,0,0,99999,0,122603.4726,0,0,None,0
Northern_California_Li_Battery_4hr_84,0,None,1,0,0,99999,0,122603.4726,0,0,None,0
Northern_California_Li_Battery_4hr_85,0,None,1,0,0,99999,0,122603.4726,0,0,None,0
Northern_California_Li_Battery_4hr_92,0,None,1,0,0,99999,0,122603.4726,0,0,None,0
Northern_California_Li_Battery_4hr_94,0,None,1,0,0,99999,0,122603.4726,0,0,None,0
Northern_California_Li_Battery_4hr_96,0,None,1,0,0,99999,0,122603.4726,0,0,None,0
Northern_California_Li_Battery_8hr_100,0,None,1,0,0,99999,0,202043.4726,0,0,None,0
Northern_California_Li_Battery_8hr_112,0,None,1,0,0,99999,0,202043.4726,0,0,None,0
Northern_California_Li_Battery_8hr_113,0,None,1,0,0,99999,0,202043.4726,0,0,None,0
Northern_California_Li_Battery_8hr_114,0,None,1,0,0,99999,0,202043.4726,0,0,None,0
Northern_California_Li_Battery_8hr_116,0,None,1,0,0,99999,0,202043.4726,0,0,None,0
Northern_California_Li_Battery_8hr_121,0,None,1,0,0,99999,0,202043.4726,0,0,None,0
Northern_California_Li_Battery_8hr_122,0,None,1,0,0,99999,0,202043.4726,0,0,None,0
Northern_California_Li_Battery_8hr_126,0,None,1,0,0,99999,0,202043.4726,0,0,None,0
Northern_California_Li_Battery_8hr_127,0,None,1,0,0,99999,0,202043.4726,0,0,None,0
Northern_California_Li_Battery_8hr_130,0,None,1,0,0,99999,0,202043.4726,0,0,None,0
Northern_California_Li_Battery_8hr_132,0,None,1,0,0,99999,0,202043.4726,0,0,None,0
Northern_California_Li_Battery_8hr_135,0,None,1,0,0,99999,0,202043.4726,0,0,None,0
Northern_California_Li_Battery_8hr_138,0,None,1,0,0,99999,0,202043.4726,0,0,None,0
Northern_California_Li_Battery_8hr_141,0,None,1,0,0,99999,0,202043.4726,0,0,None,0
Northern_California_Li_Battery_8hr_144,0,None,1,0,0,99999,0,202043.4726,0,0,None,0
Northern_California_Li_Battery_8hr_149,0,None,1,0,0,99999,0,202043.4726,0,0,None,0
Northern_California_Li_Battery_8hr_150,0,None,1,0,0,99999,0,202043.4726,0,0,None,0
Northern_California_Li_Battery_8hr_155,0,None,1,0,0,99999,0,202043.4726,0,0,None,0
Northern_California_Li_Battery_8hr_157,0,None,1,0,0,99999,0,202043.4726,0,0,None,0
Northern_California_Li_Battery_8hr_158,0,None,1,0,0,99999,0,202043.4726,0,0,None,0
Northern_California_Li_Battery_8hr_159,0,None,1,0,0,99999,0,202043.4726,0,0,None,0
Northern_California_Li_Battery_8hr_166,0,None,1,0,0,99999,0,202043.4726,0,0,None,0
Northern_California_Li_Battery_8hr_172,0,None,1,0,0,99999,0,202043.4726,0,0,None,0
Northern_California_Li_Battery_8hr_178,0,None,1,0,0,99999,0,202043.4726,0,0,None,0
Northern_California_Li_Battery_8hr_179,0,None,1,0,0,99999,0,202043.4726,0,0,None,0
Northern_California_Li_Battery_8hr_180,0,None,1,0,0,99999,0,202043.4726,0,0,None,0
Northern_California_Li_Battery_8hr_25,0,None,1,0,0,99999,0,202043.4726,0,0,None,0
Northern_California_Li_Battery_8hr_26,0,None,1,0,0,99999,0,202043.4726,0,0,None,0
Northern_California_Li_Battery_8hr_29,0,None,1,0,0,99999,0,202043.4726,0,0,None,0
Northern_California_Li_Battery_8hr_31,0,None,1,0,0,99999,0,202043.4726,0,0,None,0
Northern_California_Li_Battery_8hr_35,0,None,1,0,0,99999,0,202043.4726,0,0,None,0
Northern_California_Li_Battery_8hr_38,0,None,1,0,0,99999,0,202043.4726,0,0,None,0
Northern_California_Li_Battery_8hr_41,0,None,1,0,0,99999,0,202043.4726,0,0,None,0
Northern_California_Li_Battery_8hr_44,0,None,1,0,0,99999,0,202043.4726,0,0,None,0
Northern_California_Li_Battery_8hr_5,0,None,1,0,0,99999,0,202043.4726,0,0,None,0
Northern_California_Li_Battery_8hr_51,0,None,1,0,0,99999,0,202043.4726,0,0,None,0
Northern_California_Li_Battery_8hr_57,0,None,1,0,0,99999,0,202043.4726,0,0,None,0
Northern_California_Li_Battery_8hr_68,0,None,1,0,0,99999,0,202043.4726,0,0,None,0
Northern_California_Li_Battery_8hr_70,0,None,1,0,0,99999,0,202043.4726,0,0,None,0
Northern_California_Li_Battery_8hr_73,0,None,1,0,0,99999,0,202043.4726,0,0,None,0
Northern_California_Li_Battery_8hr_76,0,None,1,0,0,99999,0,202043.4726,0,0,None,0
Northern_California_Li_Battery_8hr_80,0,None,1,0,0,99999,0,202043.4726,0,0,None,0
Northern_California_Li_Battery_8hr_82,0,None,1,0,0,99999,0,202043.4726,0,0,None,0
Northern_California_Li_Battery_8hr_83,0,None,1,0,0,99999,0,202043.4726,0,0,None,0
Northern_California_Li_Battery_8hr_84,0,None,1,0,0,99999,0,202043.4726,0,0,None,0
Northern_California_Li_Battery_8hr_85,0,None,1,0,0,99999,0,202043.4726,0,0,None,0
Northern_California_Li_Battery_8hr_92,0,None,1,0,0,99999,0,202043.4726,0,0,None,0
Northern_California_Li_Battery_8hr_94,0,None,1,0,0,99999,0,202043.4726,0,0,None,0
Northern_California_Li_Battery_8hr_96,0,None,1,0,0,99999,0,202043.4726,0,0,None,0
Northern_California_Pumped_Storage_5,0,None,1,0,0,393,0,226259.6426,0,0,None,0
Northern_California_Solar_100,0,None,1,0,0,5980.130579,0,80481.94682160001,0,0,None,0
Northern_California_Solar_112,0,None,1,0,0,263.0597008,0,72425.15649,0,0,None,0
Northern_California_Solar_113,0,None,1,0,0,289.3656748,0,74762.67587600001,0,0,None,0
Northern_California_Solar_114,0,None,1,0,0,1417.444017,0,75834.35475,0,0,None,0
Northern_California_Solar_116,0,None,1,0,0,629.6641721,0,74835.05493,0,0,None,0
Northern_California_Solar_121,0,None,1,0,0,19.58955396,0,71673.54681,0,0,None,0
Northern_California_Solar_122,0,None,1,0,0,1022.854478,0,75002.08114,0,0,None,0
Northern_California_Solar_126,0,None,1,0,0,1670.429105,0,74570.01149,0,0,None,0
Northern_California_Solar_127,0,None,1,0,0,4045.242541,0,80678.37032,0,0,None,0
Northern_California_Solar_130,0,None,1,0,0,2650.186577,0,81407.86599790001,0,0,None,0
Northern_California_Solar_132,0,None,1,0,0,1007.462681,0,75805.53835,0,0,None,0
Northern_California_Solar_135,0,None,1,0,0,58.7686546,0,73129.94039,0,0,None,0
Northern_California_Solar_138,0,None,1,0,0,537.3134372,0,74062.91303,0,0,None,0
Northern_California_Solar_141,0,None,1,0,0,4479.011196,0,79629.53611,0,0,None,0
Northern_California_Solar_144,0,None,1,0,0,656.250003,0,75170.9071,0,0,None,0
Northern_California_Solar_149,0,None,1,0,0,2573.227617,0,77056.93417,0,0,None,0
Northern_California_Solar_150,0,None,1,0,0,263.0597025,0,73994.14325,0,0,None,0
Northern_California_Solar_155,0,None,1,0,0,145.5223883,0,74535.05074,0,0,None,0
Northern_California_Solar_157,0,None,1,0,0,1489.085832,0,74543.35369,0,0,None,0
Northern_California_Solar_158,0,None,1,0,0,340.0186528,0,75942.67849230001,0,0,None,0
Northern_California_Solar_159,0,None,1,0,0,1031.249999,0,74939.18407,0,0,None,0
Northern_California_Solar_166,0,None,1,0,0,2247.201498,0,78569.83595,0,0,None,0
Northern_California_Solar_172,0,None,1,0,0,20.98880609,0,73439.7789,0,0,None,0
Northern_California_Solar_178,0,None,1,0,0,877.3320928,0,73942.33344,0,0,None,0
Northern_California_Solar_179,0,None,1,0,0,2665.018662,0,73734.32615,0,0,None,0
Northern_California_Solar_180,0,None,1,0,0,32.18283605,0,75317.39253,0,0,None,0
Northern_California_Solar_25,0,None,1,0,0,366.6044836,0,74731.95570810001,0,0,None,0
Northern_California_Solar_26,0,None,1,0,0,9299.440284,0,79471.47057,0,0,None,0
Northern_California_Solar_29,0,None,1,0,0,160.9141797,0,74012.22327959999,0,0,None,0
Northern_California_Solar_31,0,None,1,0,0,428.1716293,0,73375.93921,0,0,None,0
Northern_California_Solar_35,0,None,1,0,0,13050.83954,0,81198.06396110001,0,0,None,0
Northern_California_Solar_38,0,None,1,0,0,17059.70153,0,80923.52714,0,0,None,0
Northern_California_Solar_41,0,None,1,0,0,92.35074501,0,75601.10056,0,0,None,0
Northern_California_Solar_44,0,None,1,0,0,124.5335827,0,72721.83000530001,0,0,None,0
Northern_California_Solar_5,0,None,1,0,0,14223.97389,0,79735.93323,0,0,None,0
Northern_California_Solar_51,0,None,1,0,0,475.746271,0,76836.80848,0,0,None,0
Northern_California_Solar_57,0,None,1,0,0,65.76492423,0,75185.40779,0,0,None,0
Northern_California_Solar_5_EO,0,None,1,0,0,100,0,79735.93323,0,0,None,0
Northern_California_Solar_68,0,None,1,0,0,53.17164102,0,73930.92486,0,0,None,0
Northern_California_Solar_70,0,None,1,0,0,6250.466418,0,78253.89074,0,0,None,0
Northern_California_Solar_73,0,None,1,0,0,111.9403007,0,77887.30615,0,0,None,0
Northern_California_Solar_76,0,None,1,0,0,1501.399261,0,75424.86121,0,0,None,0
Northern_California_Solar_80,0,None,1,0,0,3885.727627,0,77677.23046,0,0,None,0
Northern_California_Solar_82,0,None,1,0,0,395.9888064,0,74717.73852,0,0,None,0
Northern_California_Solar_83,0,None,1,0,0,804.5708888,0,74311.33556,0,0,None,0
Northern_California_Solar_84,0,None,1,0,0,8445.055961,0,78429.15964,0,0,None,0
Northern_California_Solar_85,0,None,1,0,0,807.3693992,0,73460.96031519999,0,0,None,0
Northern_California_Solar_92,0,None,1,0,0,922.9477671,0,72722.02176640001,0,0,None,0
Northern_California_Solar_94,0,None,1,0,0,125.9328326,0,74067.88098,0,0,None,0
Northern_California_Solar_96,0,None,1,0,0,130.1305963,0,76092.42526680001,0,0,None,0
Northern_California_Wind_159,0,None,1,0,0,5.791523162,0,110266.0388,0,0,None,0
Northern_California_Wind_26,0,None,1,0,0,1456.761198,0,112138.7318,0,0,None,0
Northern_California_Wind_35,0,None,1,0,0,289.1900743,0,118762.15,0,0,None,0
Northern_California_Wind_5,0,None,1,0,0,1172.20434,0,113700.7708,0,0,None,0
Northern_California_Wind_5_EO,0,None,1,0,0,300,0,113700.7708,0,0,None,0
Northern_California_Wind_76,0,None,1,0,0,138.2243575,0,111560.8505,0,0,None,0
Northern_California_Wind_83,0,None,1,0,0,7.33592765,0,112333.10167060001,0,0,None,0
Northern_Nevada_Geothermal_19,0,None,1,0,0,855,0,519649.9668,0,0,None,0
Oceano_Calendar_group,0,None,1,0,0,1418,0,65898.84795,0,0,None,0
Oro Loma_El_Nido_group,0,None,1,0,0,3192,0,9583.646617,0,0,None,0
Pacific_Northwest_Geothermal_5,0,None,1,0,0,520,0,511390.8558,0,0,None,0
Panoche_Oro_Loma_group,0,None,1,0,0,588,0,0,0,0,None,0
Pardee_Sylmar_group,0,None,1,0,0,1800,0,33990,0,0,None,0
Red_Bluff_230_group,0,None,1,0,0,1200,0,5330.25,0,0,None,0
Riverside_East_Pumped_Storage_59,0,None,1,0,0,1300,0,226259.6426,0,0,None,0
Riverside_Flow_Battery_129,0,None,1,0,0,99999,0,247877.892,0,0,None,0
Riverside_Flow_Battery_59,0,None,1,0,0,99999,0,247877.892,0,0,None,0
Riverside_Flow_Battery_60,0,None,1,0,0,99999,0,247877.892,0,0,None,0
Riverside_Flow_Battery_9,0,None,1,0,0,99999,0,247877.892,0,0,None,0
Riverside_Li_Battery_4hr_129,0,None,1,0,0,99999,0,122603.4726,0,0,None,0
Riverside_Li_Battery_4hr_59,0,None,1,0,0,99999,0,122603.4726,0,0,None,0
Riverside_Li_Battery_4hr_60,0,None,1,0,0,99999,0,122603.4726,0,0,None,0
Riverside_Li_Battery_4hr_9,0,None,1,0,0,99999,0,122603.4726,0,0,None,0
Riverside_Li_Battery_8hr_129,0,None,1,0,0,99999,0,202043.4726,0,0,None,0
Riverside_Li_Battery_8hr_59,0,None,1,0,0,99999,0,202043.4726,0,0,None,0
Riverside_Li_Battery_8hr_60,0,None,1,0,0,99999,0,202043.4726,0,0,None,0
Riverside_Li_Battery_8hr_9,0,None,1,0,0,99999,0,202043.4726,0,0,None,0
Riverside_Solar_129,0,None,1,0,0,214.0858173,0,66318.60483,0,0,None,0
Riverside_Solar_59,0,None,1,0,0,1234.14179,0,68469.60465,0,0,None,0
Riverside_Solar_60,0,None,1,0,0,884.3283568,0,69099.41474,0,0,None,0
Riverside_Solar_9,0,None,1,0,0,6355.410446,0,67421.19924,0,0,None,0
Riverside_West_Pumped_Storage_9,0,None,1,0,0,500,0,226259.6426,0,0,None,0
Rocklin_Pleasant_Grove_group,0,None,1,0,0,707,0,16389.67468,0,0,None,0
San_Diego_Pumped_Storage_119,0,None,1,0,0,500,0,226259.6426,0,0,None,0
San_Luis_Rey_San_Onofre_group,0,None,1,0,0,3435,0,2877.748035,0,0,None,0
Semitropic_Midway_group,0,None,1,0,0,637,0,110599.686,0,0,None,0
Serrano_Alberhill_Valley_group,0,None,1,0,0,4327,0,0,0,0,None,0
Silvergate_Bay_Blvd_group,0,None,1,0,0,4754,0,584.4155869,0,0,None,0
Silvergate_Old_Town_group,0,None,1,0,0,2522,0,10416.80412,0,0,None,0
Smyrna _Q1984_group,0,None,1,0,0,687,0,29685.58952,0,0,None,0
Solano_Wind_122,0,None,1,0,0,90.73386669,0,105360.8134,0,0,None,0
Solano_Wind_126,0,None,1,0,0,103.0891187,0,103988.4793,0,0,None,0
Solano_Wind_85,0,None,1,0,0,276.0626187,0,104958.22366250001,0,0,None,0
Solano_Wind_94,0,None,1,0,0,28.18541496,0,103178.34,0,0,None,0
South_Magunden_Off_Peak_group,0,None,1,0,0,2000,0,3059.1,0,0,None,0
South_Magunden_On_Peak_group,0,None,1,0,0,2000,0,201993.30000000002,0,0,None,0
Southern_NV_Eldorado_Flow_Battery_15,0,None,1,0,0,99999,0,247324.3633,0,0,None,0
Southern_NV_Eldorado_Flow_Battery_16,0,None,1,0,0,99999,0,247324.3633,0,0,None,0
Southern_NV_Eldorado_Flow_Battery_19,0,None,1,0,0,99999,0,247324.3633,0,0,None,0
Southern_NV_Eldorado_Flow_Battery_2,0,None,1,0,0,99999,0,247324.3633,0,0,None,0
Southern_NV_Eldorado_Flow_Battery_40,0,None,1,0,0,99999,0,247324.3633,0,0,None,0
Southern_NV_Eldorado_Flow_Battery_42,0,None,1,0,0,99999,0,247324.3633,0,0,None,0
Southern_NV_Eldorado_Li_Battery_4hr_15,0,None,1,0,0,99999,0,121710.9108,0,0,None,0
Southern_NV_Eldorado_Li_Battery_4hr_16,0,None,1,0,0,99999,0,121710.9108,0,0,None,0
Southern_NV_Eldorado_Li_Battery_4hr_19,0,None,1,0,0,99999,0,121710.9108,0,0,None,0
Southern_NV_Eldorado_Li_Battery_4hr_2,0,None,1,0,0,99999,0,121710.9108,0,0,None,0
Southern_NV_Eldorado_Li_Battery_4hr_40,0,None,1,0,0,99999,0,121710.9108,0,0,None,0
Southern_NV_Eldorado_Li_Battery_4hr_42,0,None,1,0,0,99999,0,121710.9108,0,0,None,0
Southern_NV_Eldorado_Li_Battery_8hr_15,0,None,1,0,0,99999,0,201150.9108,0,0,None,0
Southern_NV_Eldorado_Li_Battery_8hr_16,0,None,1,0,0,99999,0,201150.9108,0,0,None,0
Southern_NV_Eldorado_Li_Battery_8hr_19,0,None,1,0,0,99999,0,201150.9108,0,0,None,0
Southern_NV_Eldorado_Li_Battery_8hr_2,0,None,1,0,0,99999,0,201150.9108,0,0,None,0
Southern_NV_Eldorado_Li_Battery_8hr_40,0,None,1,0,0,99999,0,201150.9108,0,0,None,0
Southern_NV_Eldorado_Li_Battery_8hr_42,0,None,1,0,0,99999,0,201150.9108,0,0,None,0
Southern_NV_Eldorado_Solar_15,0,None,1,0,0,6553.824608,0,58373.22326,0,0,None,0
Southern_NV_Eldorado_Solar_16,0,None,1,0,0,4431.436584,0,55926.893741199994,0,0,None,0
Southern_NV_Eldorado_Solar_19,0,None,1,0,0,2486.473863,0,58849.4165,0,0,None,0
Southern_NV_Eldorado_Solar_2,0,None,1,0,0,16695.05597,0,60091.38975,0,0,None,0
Southern_NV_Eldorado_Solar_2_EO,0,None,1,0,0,330,0,60091.38975,0,0,None,0
Southern_NV_Eldorado_Solar_40,0,None,1,0,0,4251.49254,0,56802.551636899996,0,0,None,0
Southern_NV_Eldorado_Solar_42,0,None,1,0,0,26186.19404,0,59605.82467,0,0,None,0
Southern_NV_Eldorado_Wind_15,0,None,1,0,0,62.70289283,0,92204.8165,0,0,None,0
Southern_NV_Eldorado_Wind_16,0,None,1,0,0,328.9585327,0,88383.60852,0,0,None,0
Southern_NV_Eldorado_Wind_2,0,None,1,0,0,319.5376514,0,91889.81026,0,0,None,0
Southern_PGAE_Adiabatic_CAES_12,0,None,1,0,0,400,0,183811.76330420002,0,0,None,0
Southern_PGAE_Flow_Battery_102,0,None,1,0,0,99999,0,247877.892,0,0,None,0
Southern_PGAE_Flow_Battery_109,0,None,1,0,0,99999,0,247877.892,0,0,None,0
Southern_PGAE_Flow_Battery_111,0,None,1,0,0,99999,0,247877.892,0,0,None,0
Southern_PGAE_Flow_Battery_117,0,None,1,0,0,99999,0,247877.892,0,0,None,0
Southern_PGAE_Flow_Battery_118,0,None,1,0,0,99999,0,247877.892,0,0,None,0
Southern_PGAE_Flow_Battery_12,0,None,1,0,0,99999,0,247877.892,0,0,None,0
Southern_PGAE_Flow_Battery_124,0,None,1,0,0,99999,0,247877.892,0,0,None,0
Southern_PGAE_Flow_Battery_136,0,None,1,0,0,99999,0,247877.892,0,0,None,0
Southern_PGAE_Flow_Battery_139,0,None,1,0,0,99999,0,247877.892,0,0,None,0
Southern_PGAE_Flow_Battery_140,0,None,1,0,0,99999,0,247877.892,0,0,None,0
Southern_PGAE_Flow_Battery_145,0,None,1,0,0,99999,0,247877.892,0,0,None,0
Southern_PGAE_Flow_Battery_147,0,None,1,0,0,99999,0,247877.892,0,0,None,0
Southern_PGAE_Flow_Battery_148,0,None,1,0,0,99999,0,247877.892,0,0,None,0
Southern_PGAE_Flow_Battery_151,0,None,1,0,0,99999,0,247877.892,0,0,None,0
Southern_PGAE_Flow_Battery_152,0,None,1,0,0,99999,0,247877.892,0,0,None,0
Southern_PGAE_Flow_Battery_154,0,None,1,0,0,99999,0,247877.892,0,0,None,0
Southern_PGAE_Flow_Battery_160,0,None,1,0,0,99999,0,247877.892,0,0,None,0
Southern_PGAE_Flow_Battery_161,0,None,1,0,0,99999,0,247877.892,0,0,None,0
Southern_PGAE_Flow_Battery_162,0,None,1,0,0,99999,0,247877.892,0,0,None,0
Southern_PGAE_Flow_Battery_163,0,None,1,0,0,99999,0,247877.892,0,0,None,0
Southern_PGAE_Flow_Battery_164,0,None,1,0,0,99999,0,247877.892,0,0,None,0
Southern_PGAE_Flow_Battery_165,0,None,1,0,0,99999,0,247877.892,0,0,None,0
Southern_PGAE_Flow_Battery_168,0,None,1,0,0,99999,0,247877.892,0,0,None,0
Southern_PGAE_Flow_Battery_169,0,None,1,0,0,99999,0,247877.892,0,0,None,0
Southern_PGAE_Flow_Battery_17,0,None,1,0,0,99999,0,247877.892,0,0,None,0
Southern_PGAE_Flow_Battery_170,0,None,1,0,0,99999,0,247877.892,0,0,None,0
Southern_PGAE_Flow_Battery_173,0,None,1,0,0,99999,0,247877.892,0,0,None,0
Southern_PGAE_Flow_Battery_174,0,None,1,0,0,99999,0,247877.892,0,0,None,0
Southern_PGAE_Flow_Battery_175,0,None,1,0,0,99999,0,247877.892,0,0,None,0
Southern_PGAE_Flow_Battery_176,0,None,1,0,0,99999,0,247877.892,0,0,None,0
Southern_PGAE_Flow_Battery_177,0,None,1,0,0,99999,0,247877.892,0,0,None,0
Southern_PGAE_Flow_Battery_181,0,None,1,0,0,99999,0,247877.892,0,0,None,0
Southern_PGAE_Flow_Battery_22,0,None,1,0,0,99999,0,247877.892,0,0,None,0
Southern_PGAE_Flow_Battery_23,0,None,1,0,0,99999,0,247877.892,0,0,None,0
Southern_PGAE_Flow_Battery_24,0,None,1,0,0,99999,0,247877.892,0,0,None,0
Southern_PGAE_Flow_Battery_27,0,None,1,0,0,99999,0,247877.892,0,0,None,0
Southern_PGAE_Flow_Battery_3,0,None,1,0,0,99999,0,247877.892,0,0,None,0
Southern_PGAE_Flow_Battery_33,0,None,1,0,0,99999,0,247877.892,0,0,None,0
Southern_PGAE_Flow_Battery_34,0,None,1,0,0,99999,0,247877.892,0,0,None,0
Southern_PGAE_Flow_Battery_37,0,None,1,0,0,99999,0,247877.892,0,0,None,0
Southern_PGAE_Flow_Battery_39,0,None,1,0,0,99999,0,247877.892,0,0,None,0
Southern_PGAE_Flow_Battery_43,0,None,1,0,0,99999,0,247877.892,0,0,None,0
Southern_PGAE_Flow_Battery_45,0,None,1,0,0,99999,0,247877.892,0,0,None,0
Southern_PGAE_Flow_Battery_46,0,None,1,0,0,99999,0,247877.892,0,0,None,0
Southern_PGAE_Flow_Battery_47,0,None,1,0,0,99999,0,247877.892,0,0,None,0
Southern_PGAE_Flow_Battery_49,0,None,1,0,0,99999,0,247877.892,0,0,None,0
Southern_PGAE_Flow_Battery_52,0,None,1,0,0,99999,0,247877.892,0,0,None,0
Southern_PGAE_Flow_Battery_54,0,None,1,0,0,99999,0,247877.892,0,0,None,0
Southern_PGAE_Flow_Battery_61,0,None,1,0,0,99999,0,247877.892,0,0,None,0
Southern_PGAE_Flow_Battery_69,0,None,1,0,0,99999,0,247877.892,0,0,None,0
Southern_PGAE_Flow_Battery_72,0,None,1,0,0,99999,0,247877.892,0,0,None,0
Southern_PGAE_Flow_Battery_74,0,None,1,0,0,99999,0,247877.892,0,0,None,0
Southern_PGAE_Flow_Battery_75,0,None,1,0,0,99999,0,247877.892,0,0,None,0
Southern_PGAE_Flow_Battery_79,0,None,1,0,0,99999,0,247877.892,0,0,None,0
Southern_PGAE_Flow_Battery_8,0,None,1,0,0,99999,0,247877.892,0,0,None,0
Southern_PGAE_Flow_Battery_93,0,None,1,0,0,99999,0,247877.892,0,0,None,0
Southern_PGAE_Flow_Battery_95,0,None,1,0,0,99999,0,247877.892,0,0,None,0
Southern_PGAE_Flow_Battery_98,0,None,1,0,0,99999,0,247877.892,0,0,None,0
Southern_PGAE_Flow_Battery_99,0,None,1,0,0,99999,0,247877.892,0,0,None,0
Southern_PGAE_Li_Battery_4hr_102,0,None,1,0,0,99999,0,122603.4726,0,0,None,0
Southern_PGAE_Li_Battery_4hr_109,0,None,1,0,0,99999,0,122603.4726,0,0,None,0
Southern_PGAE_Li_Battery_4hr_111,0,None,1,0,0,99999,0,122603.4726,0,0,None,0
Southern_PGAE_Li_Battery_4hr_117,0,None,1,0,0,99999,0,122603.4726,0,0,None,0
Southern_PGAE_Li_Battery_4hr_118,0,None,1,0,0,99999,0,122603.4726,0,0,None,0
Southern_PGAE_Li_Battery_4hr_12,0,None,1,0,0,99999,0,122603.4726,0,0,None,0
Southern_PGAE_Li_Battery_4hr_124,0,None,1,0,0,99999,0,122603.4726,0,0,None,0
Southern_PGAE_Li_Battery_4hr_136,0,None,1,0,0,99999,0,122603.4726,0,0,None,0
Southern_PGAE_Li_Battery_4hr_139,0,None,1,0,0,99999,0,122603.4726,0,0,None,0
Southern_PGAE_Li_Battery_4hr_140,0,None,1,0,0,99999,0,122603.4726,0,0,None,0
Southern_PGAE_Li_Battery_4hr_145,0,None,1,0,0,99999,0,122603.4726,0,0,None,0
Southern_PGAE_Li_Battery_4hr_147,0,None,1,0,0,99999,0,122603.4726,0,0,None,0
Southern_PGAE_Li_Battery_4hr_148,0,None,1,0,0,99999,0,122603.4726,0,0,None,0
Southern_PGAE_Li_Battery_4hr_151,0,None,1,0,0,99999,0,122603.4726,0,0,None,0
Southern_PGAE_Li_Battery_4hr_152,0,None,1,0,0,99999,0,122603.4726,0,0,None,0
Southern_PGAE_Li_Battery_4hr_154,0,None,1,0,0,99999,0,122603.4726,0,0,None,0
Southern_PGAE_Li_Battery_4hr_160,0,None,1,0,0,99999,0,122603.4726,0,0,None,0
Southern_PGAE_Li_Battery_4hr_161,0,None,1,0,0,99999,0,122603.4726,0,0,None,0
Southern_PGAE_Li_Battery_4hr_162,0,None,1,0,0,99999,0,122603.4726,0,0,None,0
Southern_PGAE_Li_Battery_4hr_163,0,None,1,0,0,99999,0,122603.4726,0,0,None,0
Southern_PGAE_Li_Battery_4hr_164,0,None,1,0,0,99999,0,122603.4726,0,0,None,0
Southern_PGAE_Li_Battery_4hr_165,0,None,1,0,0,99999,0,122603.4726,0,0,None,0
Southern_PGAE_Li_Battery_4hr_168,0,None,1,0,0,99999,0,122603.4726,0,0,None,0
Southern_PGAE_Li_Battery_4hr_169,0,None,1,0,0,99999,0,122603.4726,0,0,None,0
Southern_PGAE_Li_Battery_4hr_17,0,None,1,0,0,99999,0,122603.4726,0,0,None,0
Southern_PGAE_Li_Battery_4hr_170,0,None,1,0,0,99999,0,122603.4726,0,0,None,0
Southern_PGAE_Li_Battery_4hr_173,0,None,1,0,0,99999,0,122603.4726,0,0,None,0
Southern_PGAE_Li_Battery_4hr_174,0,None,1,0,0,99999,0,122603.4726,0,0,None,0
Southern_PGAE_Li_Battery_4hr_175,0,None,1,0,0,99999,0,122603.4726,0,0,None,0
Southern_PGAE_Li_Battery_4hr_176,0,None,1,0,0,99999,0,122603.4726,0,0,None,0
Southern_PGAE_Li_Battery_4hr_177,0,None,1,0,0,99999,0,122603.4726,0,0,None,0
Southern_PGAE_Li_Battery_4hr_181,0,None,1,0,0,99999,0,122603.4726,0,0,None,0
Southern_PGAE_Li_Battery_4hr_22,0,None,1,0,0,99999,0,122603.4726,0,0,None,0
Southern_PGAE_Li_Battery_4hr_23,0,None,1,0,0,99999,0,122603.4726,0,0,None,0
Southern_PGAE_Li_Battery_4hr_24,0,None,1,0,0,99999,0,122603.4726,0,0,None,0
Southern_PGAE_Li_Battery_4hr_27,0,None,1,0,0,99999,0,122603.4726,0,0,None,0
Southern_PGAE_Li_Battery_4hr_3,0,None,1,0,0,99999,0,122603.4726,0,0,None,0
Southern_PGAE_Li_Battery_4hr_33,0,None,1,0,0,99999,0,122603.4726,0,0,None,0
Southern_PGAE_Li_Battery_4hr_34,0,None,1,0,0,99999,0,122603.4726,0,0,None,0
Southern_PGAE_Li_Battery_4hr_37,0,None,1,0,0,99999,0,122603.4726,0,0,None,0
Southern_PGAE_Li_Battery_4hr_39,0,None,1,0,0,99999,0,122603.4726,0,0,None,0
Southern_PGAE_Li_Battery_4hr_43,0,None,1,0,0,99999,0,122603.4726,0,0,None,0
Southern_PGAE_Li_Battery_4hr_45,0,None,1,0,0,99999,0,122603.4726,0,0,None,0
Southern_PGAE_Li_Battery_4hr_46,0,None,1,0,0,99999,0,122603.4726,0,0,None,0
Southern_PGAE_Li_Battery_4hr_47,0,None,1,0,0,99999,0,122603.4726,0,0,None,0
Southern_PGAE_Li_Battery_4hr_49,0,None,1,0,0,99999,0,122603.4726,0,0,None,0
Southern_PGAE_Li_Battery_4hr_52,0,None,1,0,0,99999,0,122603.4726,0,0,None,0
Southern_PGAE_Li_Battery_4hr_54,0,None,1,0,0,99999,0,122603.4726,0,0,None,0
Southern_PGAE_Li_Battery_4hr_61,0,None,1,0,0,99999,0,122603.4726,0,0,None,0
Southern_PGAE_Li_Battery_4hr_69,0,None,1,0,0,99999,0,122603.4726,0,0,None,0
Southern_PGAE_Li_Battery_4hr_72,0,None,1,0,0,99999,0,122603.4726,0,0,None,0
Southern_PGAE_Li_Battery_4hr_74,0,None,1,0,0,99999,0,122603.4726,0,0,None,0
Southern_PGAE_Li_Battery_4hr_75,0,None,1,0,0,99999,0,122603.4726,0,0,None,0
Southern_PGAE_Li_Battery_4hr_79,0,None,1,0,0,99999,0,122603.4726,0,0,None,0
Southern_PGAE_Li_Battery_4hr_8,0,None,1,0,0,99999,0,122603.4726,0,0,None,0
Southern_PGAE_Li_Battery_4hr_93,0,None,1,0,0,99999,0,122603.4726,0,0,None,0
Southern_PGAE_Li_Battery_4hr_95,0,None,1,0,0,99999,0,122603.4726,0,0,None,0
Southern_PGAE_Li_Battery_4hr_98,0,None,1,0,0,99999,0,122603.4726,0,0,None,0
Southern_PGAE_Li_Battery_4hr_99,0,None,1,0,0,99999,0,122603.4726,0,0,None,0
Southern_PGAE_Li_Battery_8hr_102,0,None,1,0,0,99999,0,202043.4726,0,0,None,0
Southern_PGAE_Li_Battery_8hr_109,0,None,1,0,0,99999,0,202043.4726,0,0,None,0
Southern_PGAE_Li_Battery_8hr_111,0,None,1,0,0,99999,0,202043.4726,0,0,None,0
Southern_PGAE_Li_Battery_8hr_117,0,None,1,0,0,99999,0,202043.4726,0,0,None,0
Southern_PGAE_Li_Battery_8hr_118,0,None,1,0,0,99999,0,202043.4726,0,0,None,0
Southern_PGAE_Li_Battery_8hr_12,0,None,1,0,0,99999,0,202043.4726,0,0,None,0
Southern_PGAE_Li_Battery_8hr_124,0,None,1,0,0,99999,0,202043.4726,0,0,None,0
Southern_PGAE_Li_Battery_8hr_136,0,None,1,0,0,99999,0,202043.4726,0,0,None,0
Southern_PGAE_Li_Battery_8hr_139,0,None,1,0,0,99999,0,202043.4726,0,0,None,0
Southern_PGAE_Li_Battery_8hr_140,0,None,1,0,0,99999,0,202043.4726,0,0,None,0
Southern_PGAE_Li_Battery_8hr_145,0,None,1,0,0,99999,0,202043.4726,0,0,None,0
Southern_PGAE_Li_Battery_8hr_147,0,None,1,0,0,99999,0,202043.4726,0,0,None,0
Southern_PGAE_Li_Battery_8hr_148,0,None,1,0,0,99999,0,202043.4726,0,0,None,0
Southern_PGAE_Li_Battery_8hr_151,0,None,1,0,0,99999,0,202043.4726,0,0,None,0
Southern_PGAE_Li_Battery_8hr_152,0,None,1,0,0,99999,0,202043.4726,0,0,None,0
Southern_PGAE_Li_Battery_8hr_154,0,None,1,0,0,99999,0,202043.4726,0,0,None,0
Southern_PGAE_Li_Battery_8hr_160,0,None,1,0,0,99999,0,202043.4726,0,0,None,0
Southern_PGAE_Li_Battery_8hr_161,0,None,1,0,0,99999,0,202043.4726,0,0,None,0
Southern_PGAE_Li_Battery_8hr_162,0,None,1,0,0,99999,0,202043.4726,0,0,None,0
Southern_PGAE_Li_Battery_8hr_163,0,None,1,0,0,99999,0,202043.4726,0,0,None,0
Southern_PGAE_Li_Battery_8hr_164,0,None,1,0,0,99999,0,202043.4726,0,0,None,0
Southern_PGAE_Li_Battery_8hr_165,0,None,1,0,0,99999,0,202043.4726,0,0,None,0
Southern_PGAE_Li_Battery_8hr_168,0,None,1,0,0,99999,0,202043.4726,0,0,None,0
Southern_PGAE_Li_Battery_8hr_169,0,None,1,0,0,99999,0,202043.4726,0,0,None,0
Southern_PGAE_Li_Battery_8hr_17,0,None,1,0,0,99999,0,202043.4726,0,0,None,0
Southern_PGAE_Li_Battery_8hr_170,0,None,1,0,0,99999,0,202043.4726,0,0,None,0
Southern_PGAE_Li_Battery_8hr_173,0,None,1,0,0,99999,0,202043.4726,0,0,None,0
Southern_PGAE_Li_Battery_8hr_174,0,None,1,0,0,99999,0,202043.4726,0,0,None,0
Southern_PGAE_Li_Battery_8hr_175,0,None,1,0,0,99999,0,202043.4726,0,0,None,0
Southern_PGAE_Li_Battery_8hr_176,0,None,1,0,0,99999,0,202043.4726,0,0,None,0
Southern_PGAE_Li_Battery_8hr_177,0,None,1,0,0,99999,0,202043.4726,0,0,None,0
Southern_PGAE_Li_Battery_8hr_181,0,None,1,0,0,99999,0,202043.4726,0,0,None,0
Southern_PGAE_Li_Battery_8hr_22,0,None,1,0,0,99999,0,202043.4726,0,0,None,0
Southern_PGAE_Li_Battery_8hr_23,0,None,1,0,0,99999,0,202043.4726,0,0,None,0
Southern_PGAE_Li_Battery_8hr_24,0,None,1,0,0,99999,0,202043.4726,0,0,None,0
Southern_PGAE_Li_Battery_8hr_27,0,None,1,0,0,99999,0,202043.4726,0,0,None,0
Southern_PGAE_Li_Battery_8hr_3,0,None,1,0,0,99999,0,202043.4726,0,0,None,0
Southern_PGAE_Li_Battery_8hr_33,0,None,1,0,0,99999,0,202043.4726,0,0,None,0
Southern_PGAE_Li_Battery_8hr_34,0,None,1,0,0,99999,0,202043.4726,0,0,None,0
Southern_PGAE_Li_Battery_8hr_37,0,None,1,0,0,99999,0,202043.4726,0,0,None,0
Southern_PGAE_Li_Battery_8hr_39,0,None,1,0,0,99999,0,202043.4726,0,0,None,0
Southern_PGAE_Li_Battery_8hr_43,0,None,1,0,0,99999,0,202043.4726,0,0,None,0
Southern_PGAE_Li_Battery_8hr_45,0,None,1,0,0,99999,0,202043.4726,0,0,None,0
Southern_PGAE_Li_Battery_8hr_46,0,None,1,0,0,99999,0,202043.4726,0,0,None,0
Southern_PGAE_Li_Battery_8hr_47,0,None,1,0,0,99999,0,202043.4726,0,0,None,0
Southern_PGAE_Li_Battery_8hr_49,0,None,1,0,0,99999,0,202043.4726,0,0,None,0
Southern_PGAE_Li_Battery_8hr_52,0,None,1,0,0,99999,0,202043.4726,0,0,None,0
Southern_PGAE_Li_Battery_8hr_54,0,None,1,0,0,99999,0,202043.4726,0,0,None,0
Southern_PGAE_Li_Battery_8hr_61,0,None,1,0,0,99999,0,202043.4726,0,0,None,0
Southern_PGAE_Li_Battery_8hr_69,0,None,1,0,0,99999,0,202043.4726,0,0,None,0
Southern_PGAE_Li_Battery_8hr_72,0,None,1,0,0,99999,0,202043.4726,0,0,None,0
Southern_PGAE_Li_Battery_8hr_74,0,None,1,0,0,99999,0,202043.4726,0,0,None,0
Southern_PGAE_Li_Battery_8hr_75,0,None,1,0,0,99999,0,202043.4726,0,0,None,0
Southern_PGAE_Li_Battery_8hr_79,0,None,1,0,0,99999,0,202043.4726,0,0,None,0
Southern_PGAE_Li_Battery_8hr_8,0,None,1,0,0,99999,0,202043.4726,0,0,None,0
Southern_PGAE_Li_Battery_8hr_93,0,None,1,0,0,99999,0,202043.4726,0,0,None,0
Southern_PGAE_Li_Battery_8hr_95,0,None,1,0,0,99999,0,202043.4726,0,0,None,0
Southern_PGAE_Li_Battery_8hr_98,0,None,1,0,0,99999,0,202043.4726,0,0,None,0
Southern_PGAE_Li_Battery_8hr_99,0,None,1,0,0,99999,0,202043.4726,0,0,None,0
Southern_PGAE_Solar_102,0,None,1,0,0,191.6977619,0,67168.76992,0,0,None,0
Southern_PGAE_Solar_109,0,None,1,0,0,12675.27984,0,73691.83364,0,0,None,0
Southern_PGAE_Solar_111,0,None,1,0,0,365.7649232,0,68070.37744,0,0,None,0
Southern_PGAE_Solar_117,0,None,1,0,0,2302.611941,0,68946.90021,0,0,None,0
Southern_PGAE_Solar_118,0,None,1,0,0,5543.003718,0,68024.56876,0,0,None,0
Southern_PGAE_Solar_12,0,None,1,0,0,3980.876881,0,72051.68099,0,0,None,0
Southern_PGAE_Solar_124,0,None,1,0,0,7742.070901,0,74272.17804,0,0,None,0
Southern_PGAE_Solar_136,0,None,1,0,0,375.0000026,0,67968.91032,0,0,None,0
Southern_PGAE_Solar_139,0,None,1,0,0,474.3470178,0,73119.57692,0,0,None,0
Southern_PGAE_Solar_140,0,None,1,0,0,61.5671639,0,67196.26447420001,0,0,None,0
Southern_PGAE_Solar_145,0,None,1,0,0,4664.272393,0,68964.61094849999,0,0,None,0
Southern_PGAE_Solar_147,0,None,1,0,0,6039.738853,0,67520.05036,0,0,None,0
Southern_PGAE_Solar_148,0,None,1,0,0,1858.208956,0,68176.80734,0,0,None,0
Southern_PGAE_Solar_151,0,None,1,0,0,1625.932847,0,68054.89517,0,0,None,0
Southern_PGAE_Solar_152,0,None,1,0,0,2547.481354,0,68266.62555299999,0,0,None,0
Southern_PGAE_Solar_154,0,None,1,0,0,674.440302,0,55258.971537800004,0,0,None,0
Southern_PGAE_Solar_160,0,None,1,0,0,286.2873147,0,67839.64782,0,0,None,0
Southern_PGAE_Solar_161,0,None,1,0,0,1956.156723,0,70134.72284,0,0,None,0
Southern_PGAE_Solar_162,0,None,1,0,0,801.7723885,0,72615.37995,0,0,None,0
Southern_PGAE_Solar_163,0,None,1,0,0,1487.406726,0,69328.74004,0,0,None,0
Southern_PGAE_Solar_164,0,None,1,0,0,299.4402916,0,69949.36631699999,0,0,None,0
Southern_PGAE_Solar_165,0,None,1,0,0,1812.873128,0,67934.85180039999,0,0,None,0
Southern_PGAE_Solar_168,0,None,1,0,0,6654.291055,0,65408.212830699995,0,0,None,0
Southern_PGAE_Solar_169,0,None,1,0,0,3603.078356,0,69615.41997,0,0,None,0
Southern_PGAE_Solar_17,0,None,1,0,0,440.7649212,0,67892.97261,0,0,None,0
Southern_PGAE_Solar_170,0,None,1,0,0,612.8731398,0,73867.00444,0,0,None,0
Southern_PGAE_Solar_173,0,None,1,0,0,1177.052233,0,68830.02721,0,0,None,0
Southern_PGAE_Solar_174,0,None,1,0,0,1311.940298,0,71428.27949700001,0,0,None,0
Southern_PGAE_Solar_175,0,None,1,0,0,427.0522387,0,65598.9977,0,0,None,0
Southern_PGAE_Solar_176,0,None,1,0,0,1674.347014,0,67396.73904,0,0,None,0
Southern_PGAE_Solar_177,0,None,1,0,0,2101.119405,0,68137.0969,0,0,None,0
Southern_PGAE_Solar_181,0,None,1,0,0,3074.440292,0,69306.26063,0,0,None,0
Southern_PGAE_Solar_22,0,None,1,0,0,433.7686549,0,67739.90271210001,0,0,None,0
Southern_PGAE_Solar_23,0,None,1,0,0,976.6790928,0,67195.24280820001,0,0,None,0
Southern_PGAE_Solar_24,0,None,1,0,0,3321.828347,0,70861.16876680001,0,0,None,0
Southern_PGAE_Solar_27,0,None,1,0,0,22.38805935,0,66682.72213,0,0,None,0
Southern_PGAE_Solar_3,0,None,1,0,0,324.6268726,0,66357.06932159999,0,0,None,0
Southern_PGAE_Solar_33,0,None,1,0,0,2634.794786,0,70531.71206,0,0,None,0
Southern_PGAE_Solar_34,0,None,1,0,0,201.4925392,0,58272.41272,0,0,None,0
Southern_PGAE_Solar_37,0,None,1,0,0,1757.462681,0,69151.01739,0,0,None,0
Southern_PGAE_Solar_39,0,None,1,0,0,288.2462622,0,67088.75319,0,0,None,0
Southern_PGAE_Solar_43,0,None,1,0,0,3393.74999,0,68436.18534,0,0,None,0
Southern_PGAE_Solar_45,0,None,1,0,0,682.835826,0,67541.99884419999,0,0,None,0
Southern_PGAE_Solar_46,0,None,1,0,0,27.9850746,0,65662.89694,0,0,None,0
Southern_PGAE_Solar_47,0,None,1,0,0,9275.373107,0,69466.90203,0,0,None,0
Southern_PGAE_Solar_49,0,None,1,0,0,3929.104467,0,66525.97633,0,0,None,0
Southern_PGAE_Solar_52,0,None,1,0,0,34.70149056,0,65918.69784,0,0,None,0
Southern_PGAE_Solar_54,0,None,1,0,0,1083.022381,0,73522.42857,0,0,None,0
Southern_PGAE_Solar_61,0,None,1,0,0,2671.175375,0,72564.90092,0,0,None,0
Southern_PGAE_Solar_69,0,None,1,0,0,32.18283549,0,58487.066302800005,0,0,None,0
Southern_PGAE_Solar_72,0,None,1,0,0,246.2686657,0,67183.27796689999,0,0,None,0
Southern_PGAE_Solar_74,0,None,1,0,0,338.6193984,0,65979.93614,0,0,None,0
Southern_PGAE_Solar_75,0,None,1,0,0,214.085819,0,65396.391664999996,0,0,None,0
Southern_PGAE_Solar_79,0,None,1,0,0,493.9365718,0,67546.40916360001,0,0,None,0
Southern_PGAE_Solar_8,0,None,1,0,0,629.6641805,0,56827.008914399994,0,0,None,0
Southern_PGAE_Solar_93,0,None,1,0,0,2057.742543,0,57040.54912,0,0,None,0
Southern_PGAE_Solar_95,0,None,1,0,0,2597.854473,0,69403.96638449999,0,0,None,0
Southern_PGAE_Solar_98,0,None,1,0,0,1133.395535,0,73744.70411,0,0,None,0
Southern_PGAE_Solar_99,0,None,1,0,0,1943.563447,0,69310.9911,0,0,None,0
Subacco_group,0,None,1,0,0,460,0,80608.69565,0,0,None,0
Talega_230_group,0,None,1,0,0,2201,0,8869.886415,0,0,None,0
Tehachapi_Adiabatic_CAES_13,0,None,1,0,0,500,0,183811.76330420002,0,0,None,0
Tehachapi_Flow_Battery_101,0,None,1,0,0,99999,0,247877.892,0,0,None,0
Tehachapi_Flow_Battery_125,0,None,1,0,0,99999,0,247877.892,0,0,None,0
Tehachapi_Flow_Battery_13,0,None,1,0,0,99999,0,247877.892,0,0,None,0
Tehachapi_Flow_Battery_28,0,None,1,0,0,99999,0,247877.892,0,0,None,0
Tehachapi_Flow_Battery_32,0,None,1,0,0,99999,0,247877.892,0,0,None,0
Tehachapi_Flow_Battery_66,0,None,1,0,0,99999,0,247877.892,0,0,None,0
Tehachapi_Flow_Battery_78,0,None,1,0,0,99999,0,247877.892,0,0,None,0
Tehachapi_Li_Battery_4hr_101,0,None,1,0,0,99999,0,122603.4726,0,0,None,0
Tehachapi_Li_Battery_4hr_125,0,None,1,0,0,99999,0,122603.4726,0,0,None,0
Tehachapi_Li_Battery_4hr_13,0,None,1,0,0,99999,0,122603.4726,0,0,None,0
Tehachapi_Li_Battery_4hr_28,0,None,1,0,0,99999,0,122603.4726,0,0,None,0
Tehachapi_Li_Battery_4hr_32,0,None,1,0,0,99999,0,122603.4726,0,0,None,0
Tehachapi_Li_Battery_4hr_66,0,None,1,0,0,99999,0,122603.4726,0,0,None,0
Tehachapi_Li_Battery_4hr_78,0,None,1,0,0,99999,0,122603.4726,0,0,None,0
Tehachapi_Li_Battery_8hr_101,0,None,1,0,0,99999,0,202043.4726,0,0,None,0
Tehachapi_Li_Battery_8hr_125,0,None,1,0,0,99999,0,202043.4726,0,0,None,0
Tehachapi_Li_Battery_8hr_13,0,None,1,0,0,99999,0,202043.4726,0,0,None,0
Tehachapi_Li_Battery_8hr_28,0,None,1,0,0,99999,0,202043.4726,0,0,None,0
Tehachapi_Li_Battery_8hr_32,0,None,1,0,0,99999,0,202043.4726,0,0,None,0
Tehachapi_Li_Battery_8hr_66,0,None,1,0,0,99999,0,202043.4726,0,0,None,0
Tehachapi_Li_Battery_8hr_78,0,None,1,0,0,99999,0,202043.4726,0,0,None,0
Tehachapi_Pumped_Storage_32,0,None,1,0,0,480,0,226259.6426,0,0,None,0
Tehachapi_Solar_101,0,None,1,0,0,14185.35451,0,67141.85612,0,0,None,0
Tehachapi_Solar_125,0,None,1,0,0,631.0634394,0,69024.6943,0,0,None,0
Tehachapi_Solar_13,0,None,1,0,0,2951.585816,0,64000.4549,0,0,None,0
Tehachapi_Solar_28,0,None,1,0,0,874.5335801,0,65401.24809,0,0,None,0
Tehachapi_Solar_32,0,None,1,0,0,6712.220132,0,68240.57273,0,0,None,0
Tehachapi_Solar_66,0,None,1,0,0,3314.552236,0,65578.21125,0,0,None,0
Tehachapi_Solar_78,0,None,1,0,0,387.5932836,0,63841.03421,0,0,None,0
Tehachapi_Wind_13,0,None,1,0,0,1241.316528,0,99329.8692,0,0,None,0
Tehachapi_Wind_18,0,None,1,0,0,247.4911037,0,100298.0673,0,0,None,0
Tehachapi_Wind_32,0,None,1,0,0,242.8578827,0,103278.388,0,0,None,0
Tesla_Tracy_Pump_1_group,0,None,1,0,0,4344,0,533.4944751,0,0,None,0
Trabuco_Capistrano_group,0,None,1,0,0,556,0,17233.86367,0,0,None,0
VEA_138_group,0,None,1,0,0,1367,0,0,0,0,None,0
Victor_Lugo_group,0,None,1,0,0,1221,0,0,0,0,None,0
Vincent_Lugo_group,0,None,1,0,0,2000,0,3981.465,0,0,None,0
Windhub_group,0,None,1,0,0,2500,0,22692.96,0,0,None,0
Woodland_Davis_group,0,None,1,0,0,109,0,7933.929357800001,0,0,None,0
Wyoming_Wind_19,0,None,1,0,0,4000,0,214481.0618,0,0,None,0