Resource,Zone,region,New_Build,Can_Retire,Existing_Cap_MW,Max_Cap_MW,Min_Cap_MW,Inv_Cost_per_MWyr,Fixed_OM_Cost_per_MWyr,cluster
Antelope_Neenach_Off_Peak_group,0,None,1,0,0.0,15.0,0.0,278100.0,0,0
Antelope_Neenach_On_Peak_group,0,None,1,0,0.0,2000.0,0.0,4635.0,0,0
Antelope_Vincent_group,0,None,1,0,0.0,1500.0,0.0,815.76,0,0
Arizona_Flow_Battery_48,0,None,1,0,0.0,99999.0,0.0,247322.1085518,0,0
Arizona_Flow_Battery_55,0,None,1,0,0.0,99999.0,0.0,247322.1085518,0,0
Arizona_Flow_Battery_62,0,None,1,0,0.0,99999.0,0.0,247322.1085518,0,0
Arizona_Flow_Battery_77,0,None,1,0,0.0,99999.0,0.0,247322.1085518,0,0
Arizona_Flow_Battery_90,0,None,1,0,0.0,99999.0,0.0,247322.1085518,0,0
Arizona_Li_Battery_4hr_48,0,None,1,0,0.0,99999.0,0.0,121707.275086,0,0
Arizona_Li_Battery_4hr_55,0,None,1,0,0.0,99999.0,0.0,121707.275086,0,0
Arizona_Li_Battery_4hr_62,0,None,1,0,0.0,99999.0,0.0,121707.275086,0,0
Arizona_Li_Battery_4hr_77,0,None,1,0,0.0,99999.0,0.0,121707.275086,0,0
Arizona_Li_Battery_4hr_90,0,None,1,0,0.0,99999.0,0.0,121707.275086,0,0
Arizona_Li_Battery_8hr_48,0,None,1,0,0.0,99999.0,0.0,201147.275086,0,0
Arizona_Li_Battery_8hr_55,0,None,1,0,0.0,99999.0,0.0,201147.275086,0,0
Arizona_Li_Battery_8hr_62,0,None,1,0,0.0,99999.0,0.0,201147.275086,0,0
Arizona_Li_Battery_8hr_77,0,None,1,0,0.0,99999.0,0.0,201147.275086,0,0
Arizona_Li_Battery_8hr_90,0,None,1,0,0.0,99999.0,0.0,201147.275086,0,0
Arizona_Solar_48,0,None,1,0,0.0,14905.4104489658,0.0,55465.3085352,0,0
Arizona_Solar_55,0,None,1,0,0.0,7835.2612013079,0.0,43951.950454125006,0,0
Arizona_Solar_62,0,None,1,0,0.0,16736.1940350692,0.0,46109.2267095,0,0
Arizona_Solar_77,0,None,1,0,0.0,7333.7686547617,0.0,43620.134439375,0,0
Arizona_Solar_90,0,None,1,0,0.0,27874.8134482918,0.0,46219.8397176,0,0
Baja_California_Wind_133,0,None,1,0,0.0,2472.82,0.0,94877.9521345,0,0
Bell_Placer_group,0,None,1,0,0.0,480.0,0.0,35728.125,0,0
Borden_Storey_group,0,None,1,0,0.0,1247.0,0.0,3716.9206095,0,0
Calcite_Lugo_group,0,None,1,0,0.0,1046.0,0.0,21180.975143400003,0,0
Capistrano_San_Onofre_group,0,None,1,0,0.0,920.0,0.0,5854.2065217,0,0
Carberry_Round_Mt_group,0,None,1,0,0.0,26.0,0.0,641769.2307692,0,0
Central_Nevada_Geothermal_42,0,None,1,0,0.0,596.0,0.0,519649.9667716,0,0
Central_Valley_North_Los_Banos_Biomass_47,0,None,1,0,0.0,384.7083918068,0.0,521585.3375695,0,0
Central_Valley_North_Los_Banos_Wind_125,0,None,1,0,0.0,146.3324923484,0.0,118652.9522501,0,0
Central_Valley_North_Los_Banos_Wind_154,0,None,1,0,0.0,1222.7836461671,0.0,105933.5099165,0,0
Central_Valley_North_Los_Banos_Wind_162,0,None,1,0,0.0,1391.5100366425,0.0,106133.2524891,0,0
Central_Valley_North_Los_Banos_Wind_17,0,None,1,0,0.0,47.1043903223,0.0,104023.3847446,0,0
Chicarita_138_group,0,None,1,0,0.0,700.0,0.0,13242.8571429,0,0
Collinsville_500_group,0,None,1,0,0.0,978.0,0.0,0.0,0,0
Colorado_River_230_group,0,None,1,0,0.0,1370.0,0.0,4533.5036496,0,0
Colorado_River_Red_Bluff_group,0,None,1,0,0.0,588.0,0.0,0.0,0,0
Contra_Costa_Tesla_Newark_group,0,None,1,0,0.0,6034.0,0.0,6411.4478621,0,0
Control_Inyokern_group,0,None,1,0,0.0,186.0,0.0,163969.3548387,0,0
Cortina_Eagle_Rock_group,0,None,1,0,0.0,50.0,0.0,92700.0,0,0
DCRT_group,0,None,1,0,0.0,3000.0,0.0,14306.7,0,0
Dairyland_Chowchilla_group,0,None,1,0,0.0,1211.0,0.0,19137.076796,0,0
Del_Amo_Barre_group,0,None,1,0,0.0,1058.0,0.0,963.7996219,0,0
Devers_Red_Bluff_group,0,None,1,0,0.0,5000.0,0.0,0.0,0,0
Diablo_Midway_4_group,0,None,1,0,0.0,4125.0,0.0,18652.3636364,0,0
East_Miguel_group,0,None,1,0,0.0,2823.0,0.0,0.0,0,0
Encina_San_Luis_Rey_group,0,None,1,0,0.0,3914.0,0.0,1991.9131579,0,0
Etiwanda_Rancho_Vista_group,0,None,1,0,0.0,3350.0,0.0,2462.7761194,0,0
GLW_230_group,0,None,1,0,0.0,1285.0,0.0,0.0,0,0
Gates_Panoche_group,0,None,1,0,0.0,8379.0,0.0,2368.2476907,0,0
Gates_TB_13_group,0,None,1,0,0.0,10038.0,0.0,323.22175730000004,0,0
Gates_TB_5_group,0,None,1,0,0.0,47.0,0.0,216957.4468085,0,0
Grant_Eastshore_2_group,0,None,1,0,0.0,290.0,0.0,39956.8965517,0,0
Greater_Imperial_Biomass_20,0,None,1,0,0.0,133.5805559137,0.0,521585.3375695,0,0
Greater_Imperial_Flow_Battery_107,0,None,1,0,0.0,99999.0,0.0,247877.8919778,0,0
Greater_Imperial_Flow_Battery_108,0,None,1,0,0.0,99999.0,0.0,247877.8919778,0,0
Greater_Imperial_Flow_Battery_133,0,None,1,0,0.0,99999.0,0.0,247877.8919778,0,0
Greater_Imperial_Flow_Battery_20,0,None,1,0,0.0,99999.0,0.0,247877.8919778,0,0
Greater_Imperial_Flow_Battery_63,0,None,1,0,0.0,99999.0,0.0,247877.8919778,0,0
Greater_Imperial_Geothermal_20,0,None,1,0,0.0,547.5379393486,0.0,478746.1552411,0,0
Greater_Imperial_Geothermal_63,0,None,1,0,0.0,1920.17,0.0,479186.9341014,0,0
Greater_Imperial_Li_Battery_4hr_107,0,None,1,0,0.0,99999.0,0.0,122603.4725973,0,0
Greater_Imperial_Li_Battery_4hr_108,0,None,1,0,0.0,99999.0,0.0,122603.4725973,0,0
Greater_Imperial_Li_Battery_4hr_133,0,None,1,0,0.0,99999.0,0.0,122603.4725973,0,0
Greater_Imperial_Li_Battery_4hr_20,0,None,1,0,0.0,99999.0,0.0,122603.4725973,0,0
Greater_Imperial_Li_Battery_4hr_63,0,None,1,0,0.0,99999.0,0.0,122603.4725973,0,0
Greater_Imperial_Li_Battery_8hr_107,0,None,1,0,0.0,99999.0,0.0,202043.4725973,0,0
Greater_Imperial_Li_Battery_8hr_108,0,None,1,0,0.0,99999.0,0.0,202043.4725973,0,0
Greater_Imperial_Li_Battery_8hr_133,0,None,1,0,0.0,99999.0,0.0,202043.4725973,0,0
Greater_Imperial_Li_Battery_8hr_20,0,None,1,0,0.0,99999.0,0.0,202043.4725973,0,0
Greater_Imperial_Li_Battery_8hr_63,0,None,1,0,0.0,99999.0,0.0,202043.4725973,0,0
Greater_Imperial_Solar_107,0,None,1,0,0.0,681.4365632529,0.0,43819.6404753,0,0
Greater_Imperial_Solar_108,0,None,1,0,0.0,1666.5111918532,0.0,49860.092498625,0,0
Greater_Imperial_Solar_133,0,None,1,0,0.0,109.1417919032,0.0,47618.674799625,0,0
Greater_Imperial_Solar_20,0,None,1,0,0.0,8871.2687068015,0.0,52768.88010675,0,0
Greater_Imperial_Solar_63,0,None,1,0,0.0,2947.9477598113,0.0,54359.139228825006,0,0
Greater_Imperial_Wind_108,0,None,1,0,0.0,133.2050386014,0.0,95525.3268935,0,0
Greater_Kramer_Flow_Battery_103,0,None,1,0,0.0,99999.0,0.0,247877.8919778,0,0
Greater_Kramer_Flow_Battery_123,0,None,1,0,0.0,99999.0,0.0,247877.8919778,0,0
Greater_Kramer_Flow_Battery_156,0,None,1,0,0.0,99999.0,0.0,247877.8919778,0,0
Greater_Kramer_Flow_Battery_86,0,None,1,0,0.0,99999.0,0.0,247877.8919778,0,0
Greater_Kramer_Li_Battery_4hr_103,0,None,1,0,0.0,99999.0,0.0,122603.4725973,0,0
Greater_Kramer_Li_Battery_4hr_123,0,None,1,0,0.0,99999.0,0.0,122603.4725973,0,0
Greater_Kramer_Li_Battery_4hr_156,0,None,1,0,0.0,99999.0,0.0,122603.4725973,0,0
Greater_Kramer_Li_Battery_4hr_86,0,None,1,0,0.0,99999.0,0.0,122603.4725973,0,0
Greater_Kramer_Li_Battery_8hr_103,0,None,1,0,0.0,99999.0,0.0,202043.4725973,0,0
Greater_Kramer_Li_Battery_8hr_123,0,None,1,0,0.0,99999.0,0.0,202043.4725973,0,0
Greater_Kramer_Li_Battery_8hr_156,0,None,1,0,0.0,99999.0,0.0,202043.4725973,0,0
Greater_Kramer_Li_Battery_8hr_86,0,None,1,0,0.0,99999.0,0.0,202043.4725973,0,0
Greater_Kramer_Solar_103,0,None,1,0,0.0,3957.0895570925,0.0,44539.402713150004,0,0
Greater_Kramer_Solar_123,0,None,1,0,0.0,10579.7574733397,0.0,50476.37519025,0,0
Greater_Kramer_Solar_156,0,None,1,0,0.0,4108.2089491464,0.0,53354.282563725006,0,0
Greater_Kramer_Solar_86,0,None,1,0,0.0,793.9365629666,0.0,49983.312425100004,0,0
Greater_LA_Flow_Battery_18,0,None,1,0,0.0,99999.0,0.0,247877.8919778,0,0
Greater_LA_Flow_Battery_30,0,None,1,0,0.0,99999.0,0.0,247877.8919778,0,0
Greater_LA_Flow_Battery_4,0,None,1,0,0.0,99999.0,0.0,247877.8919778,0,0
Greater_LA_Flow_Battery_58,0,None,1,0,0.0,99999.0,0.0,247877.8919778,0,0
Greater_LA_Li_Battery_4hr_18,0,None,1,0,0.0,99999.0,0.0,122603.4725973,0,0
Greater_LA_Li_Battery_4hr_30,0,None,1,0,0.0,99999.0,0.0,122603.4725973,0,0
Greater_LA_Li_Battery_4hr_4,0,None,1,0,0.0,99999.0,0.0,122603.4725973,0,0
Greater_LA_Li_Battery_4hr_58,0,None,1,0,0.0,99999.0,0.0,122603.4725973,0,0
Greater_LA_Li_Battery_8hr_18,0,None,1,0,0.0,99999.0,0.0,202043.4725973,0,0
Greater_LA_Li_Battery_8hr_30,0,None,1,0,0.0,99999.0,0.0,202043.4725973,0,0
Greater_LA_Li_Battery_8hr_4,0,None,1,0,0.0,99999.0,0.0,202043.4725973,0,0
Greater_LA_Li_Battery_8hr_58,0,None,1,0,0.0,99999.0,0.0,202043.4725973,0,0
Greater_LA_Solar_18,0,None,1,0,0.0,3896.9216350817,0.0,53978.86713735001,0,0
Greater_LA_Solar_30,0,None,1,0,0.0,72.7611960946,0.0,54223.17479925,0,0
Greater_LA_Solar_4,0,None,1,0,0.0,375.0000015832,0.0,51260.399532075,0,0
Greater_LA_Solar_58,0,None,1,0,0.0,7017.8171854029,0.0,54893.542149600005,0,0
Hinson_Del_Amo_group,0,None,1,0,0.0,800.0,0.0,3244.5,0,0
Humboldt_Bay_Offshore_Wind_Asset,0,None,1,0,0.0,2680.0,0.0,316486.27005560003,0,0
Humboldt_Offshore_Line_group,0,None,1,0,0.0,2680.0,0.0,148504.4776119,0,0
Idaho_Wind_19,0,None,1,0,0.0,1100.0,0.0,150723.0831319,0,0
Internal_San_Diego_group,0,None,1,0,0.0,1821.0,0.0,5452.0428336,0,0
Inyokern_North_Kramer_Geothermal_156,0,None,1,0,0.0,43.4,0.0,485700.4475231,0,0
Inyokern_North_Kramer_Geothermal_9,0,None,1,0,0.0,7.1,0.0,476185.8174595,0,0
Jackson_Waukena_Corcoran_group,0,None,1,0,0.0,66.0,0.0,210681.8181818,0,0
Kern_TB_4_group,0,None,1,0,0.0,179.0,0.0,15536.3128492,0,0
Kern_Tevis_Stockdale_Lamont_group,0,None,1,0,0.0,367.0,0.0,30310.626703,0,0
Kramer_Victor_group,0,None,1,0,0.0,1206.0,0.0,0.0,0,0
Lugo_500_230_Transformer_group,0,None,1,0,0.0,1178.0,0.0,0.0,0,0
Lugo_Victorville_group,0,None,1,0,0.0,6800.0,0.0,29514.0441176,0,0
Manning_115_group,0,None,1,0,0.0,3160.0,0.0,10854.1139241,0,0
Manning_500_group,0,None,1,0,0.0,4931.0,0.0,0.0,0,0
Midway_Q2011_group,0,None,1,0,0.0,234.0,0.0,39615.3846154,0,0
Midway_TB_3_group,0,None,1,0,0.0,784.0,0.0,17735.9693878,0,0
Midway_Taft_group,0,None,1,0,0.0,206.0,0.0,279000.0,0,0
Moorpark_Pardee_group,0,None,1,0,0.0,900.0,0.0,61800.0,0,0
Morro_Bay_Offshore_500_group,0,None,1,0,0.0,4875.0,0.0,3904.4923077,0,0
Morro_Bay_Offshore_Wind_Asset,0,None,1,0,0.0,4875.0,0.0,319630.8260524,0,0
Moss_Landing_Las_Aguillas_group,0,None,1,0,0.0,1760.0,0.0,2117.3522727,0,0
New_Mexico_Wind_55,0,None,1,0,0.0,6000.0,0.0,170616.8966487,0,0
Newark_Los_Esteros_group,0,None,1,0,0.0,348.0,0.0,0.0,0,0
North_Magunden_group,0,None,1,0,0.0,500.0,0.0,232306.2,0,0
Northern_California_Biomass_5,0,None,1,0,0.0,637.444039421,0.0,521585.3375695,0,0
Northern_California_Flow_Battery_100,0,None,1,0,0.0,99999.0,0.0,247877.8919778,0,0
Northern_California_Flow_Battery_112,0,None,1,0,0.0,99999.0,0.0,247877.8919778,0,0
Northern_California_Flow_Battery_113,0,None,1,0,0.0,99999.0,0.0,247877.8919778,0,0
Northern_California_Flow_Battery_114,0,None,1,0,0.0,99999.0,0.0,247877.8919778,0,0
Northern_California_Flow_Battery_116,0,None,1,0,0.0,99999.0,0.0,247877.8919778,0,0
Northern_California_Flow_Battery_121,0,None,1,0,0.0,99999.0,0.0,247877.8919778,0,0
Northern_California_Flow_Battery_122,0,None,1,0,0.0,99999.0,0.0,247877.8919778,0,0
Northern_California_Flow_Battery_126,0,None,1,0,0.0,99999.0,0.0,247877.8919778,0,0
Northern_California_Flow_Battery_127,0,None,1,0,0.0,99999.0,0.0,247877.8919778,0,0
Northern_California_Flow_Battery_130,0,None,1,0,0.0,99999.0,0.0,247877.8919778,0,0
Northern_California_Flow_Battery_132,0,None,1,0,0.0,99999.0,0.0,247877.8919778,0,0
Northern_California_Flow_Battery_135,0,None,1,0,0.0,99999.0,0.0,247877.8919778,0,0
Northern_California_Flow_Battery_138,0,None,1,0,0.0,99999.0,0.0,247877.8919778,0,0
Northern_California_Flow_Battery_141,0,None,1,0,0.0,99999.0,0.0,247877.8919778,0,0
Northern_California_Flow_Battery_144,0,None,1,0,0.0,99999.0,0.0,247877.8919778,0,0
Northern_California_Flow_Battery_149,0,None,1,0,0.0,99999.0,0.0,247877.8919778,0,0
Northern_California_Flow_Battery_150,0,None,1,0,0.0,99999.0,0.0,247877.8919778,0,0
Northern_California_Flow_Battery_155,0,None,1,0,0.0,99999.0,0.0,247877.8919778,0,0
Northern_California_Flow_Battery_157,0,None,1,0,0.0,99999.0,0.0,247877.8919778,0,0
Northern_California_Flow_Battery_158,0,None,1,0,0.0,99999.0,0.0,247877.8919778,0,0
Northern_California_Flow_Battery_159,0,None,1,0,0.0,99999.0,0.0,247877.8919778,0,0
Northern_California_Flow_Battery_166,0,None,1,0,0.0,99999.0,0.0,247877.8919778,0,0
Northern_California_Flow_Battery_172,0,None,1,0,0.0,99999.0,0.0,247877.8919778,0,0
Northern_California_Flow_Battery_178,0,None,1,0,0.0,99999.0,0.0,247877.8919778,0,0
Northern_California_Flow_Battery_179,0,None,1,0,0.0,99999.0,0.0,247877.8919778,0,0
Northern_California_Flow_Battery_180,0,None,1,0,0.0,99999.0,0.0,247877.8919778,0,0
Northern_California_Flow_Battery_25,0,None,1,0,0.0,99999.0,0.0,247877.8919778,0,0
Northern_California_Flow_Battery_26,0,None,1,0,0.0,99999.0,0.0,247877.8919778,0,0
Northern_California_Flow_Battery_29,0,None,1,0,0.0,99999.0,0.0,247877.8919778,0,0
Northern_California_Flow_Battery_31,0,None,1,0,0.0,99999.0,0.0,247877.8919778,0,0
Northern_California_Flow_Battery_35,0,None,1,0,0.0,99999.0,0.0,247877.8919778,0,0
Northern_California_Flow_Battery_38,0,None,1,0,0.0,99999.0,0.0,247877.8919778,0,0
Northern_California_Flow_Battery_41,0,None,1,0,0.0,99999.0,0.0,247877.8919778,0,0
Northern_California_Flow_Battery_44,0,None,1,0,0.0,99999.0,0.0,247877.8919778,0,0
Northern_California_Flow_Battery_5,0,None,1,0,0.0,99999.0,0.0,247877.8919778,0,0
Northern_California_Flow_Battery_51,0,None,1,0,0.0,99999.0,0.0,247877.8919778,0,0
Northern_California_Flow_Battery_57,0,None,1,0,0.0,99999.0,0.0,247877.8919778,0,0
Northern_California_Flow_Battery_68,0,None,1,0,0.0,99999.0,0.0,247877.8919778,0,0
Northern_California_Flow_Battery_70,0,None,1,0,0.0,99999.0,0.0,247877.8919778,0,0
Northern_California_Flow_Battery_73,0,None,1,0,0.0,99999.0,0.0,247877.8919778,0,0
Northern_California_Flow_Battery_76,0,None,1,0,0.0,99999.0,0.0,247877.8919778,0,0
Northern_California_Flow_Battery_80,0,None,1,0,0.0,99999.0,0.0,247877.8919778,0,0
Northern_California_Flow_Battery_82,0,None,1,0,0.0,99999.0,0.0,247877.8919778,0,0
Northern_California_Flow_Battery_83,0,None,1,0,0.0,99999.0,0.0,247877.8919778,0,0
Northern_California_Flow_Battery_84,0,None,1,0,0.0,99999.0,0.0,247877.8919778,0,0
Northern_California_Flow_Battery_85,0,None,1,0,0.0,99999.0,0.0,247877.8919778,0,0
Northern_California_Flow_Battery_92,0,None,1,0,0.0,99999.0,0.0,247877.8919778,0,0
Northern_California_Flow_Battery_94,0,None,1,0,0.0,99999.0,0.0,247877.8919778,0,0
Northern_California_Flow_Battery_96,0,None,1,0,0.0,99999.0,0.0,247877.8919778,0,0
Northern_California_Geothermal_100,0,None,1,0,0.0,9.0,0.0,485679.0989236,0,0
Northern_California_Geothermal_35,0,None,1,0,0.0,22.7,0.0,483193.0844,0,0
Northern_California_Geothermal_5,0,None,1,0,0.0,538.9,0.0,488907.5199928,0,0
Northern_California_Geothermal_70,0,None,1,0,0.0,277.7,0.0,476458.4704344,0,0
Northern_California_Li_Battery_4hr_100,0,None,1,0,0.0,99999.0,0.0,122603.4725973,0,0
Northern_California_Li_Battery_4hr_112,0,None,1,0,0.0,99999.0,0.0,122603.4725973,0,0
Northern_California_Li_Battery_4hr_113,0,None,1,0,0.0,99999.0,0.0,122603.4725973,0,0
Northern_California_Li_Battery_4hr_114,0,None,1,0,0.0,99999.0,0.0,122603.4725973,0,0
Northern_California_Li_Battery_4hr_116,0,None,1,0,0.0,99999.0,0.0,122603.4725973,0,0
Northern_California_Li_Battery_4hr_121,0,None,1,0,0.0,99999.0,0.0,122603.4725973,0,0
Northern_California_Li_Battery_4hr_122,0,None,1,0,0.0,99999.0,0.0,122603.4725973,0,0
Northern_California_Li_Battery_4hr_126,0,None,1,0,0.0,99999.0,0.0,122603.4725973,0,0
Northern_California_Li_Battery_4hr_127,0,None,1,0,0.0,99999.0,0.0,122603.4725973,0,0
Northern_California_Li_Battery_4hr_130,0,None,1,0,0.0,99999.0,0.0,122603.4725973,0,0
Northern_California_Li_Battery_4hr_132,0,None,1,0,0.0,99999.0,0.0,122603.4725973,0,0
Northern_California_Li_Battery_4hr_135,0,None,1,0,0.0,99999.0,0.0,122603.4725973,0,0
Northern_California_Li_Battery_4hr_138,0,None,1,0,0.0,99999.0,0.0,122603.4725973,0,0
Northern_California_Li_Battery_4hr_141,0,None,1,0,0.0,99999.0,0.0,122603.4725973,0,0
Northern_California_Li_Battery_4hr_144,0,None,1,0,0.0,99999.0,0.0,122603.4725973,0,0
Northern_California_Li_Battery_4hr_149,0,None,1,0,0.0,99999.0,0.0,122603.4725973,0,0
Northern_California_Li_Battery_4hr_150,0,None,1,0,0.0,99999.0,0.0,122603.4725973,0,0
Northern_California_Li_Battery_4hr_155,0,None,1,0,0.0,99999.0,0.0,122603.4725973,0,0
Northern_California_Li_Battery_4hr_157,0,None,1,0,0.0,99999.0,0.0,122603.4725973,0,0
Northern_California_Li_Battery_4hr_158,0,None,1,0,0.0,99999.0,0.0,122603.4725973,0,0
Northern_California_Li_Battery_4hr_159,0,None,1,0,0.0,99999.0,0.0,122603.4725973,0,0
Northern_California_Li_Battery_4hr_166,0,None,1,0,0.0,99999.0,0.0,122603.4725973,0,0
Northern_California_Li_Battery_4hr_172,0,None,1,0,0.0,99999.0,0.0,122603.4725973,0,0
Northern_California_Li_Battery_4hr_178,0,None,1,0,0.0,99999.0,0.0,122603.4725973,0,0
Northern_California_Li_Battery_4hr_179,0,None,1,0,0.0,99999.0,0.0,122603.4725973,0,0
Northern_California_Li_Battery_4hr_180,0,None,1,0,0.0,99999.0,0.0,122603.4725973,0,0
Northern_California_Li_Battery_4hr_25,0,None,1,0,0.0,99999.0,0.0,122603.4725973,0,0
Northern_California_Li_Battery_4hr_26,0,None,1,0,0.0,99999.0,0.0,122603.4725973,0,0
Northern_California_Li_Battery_4hr_29,0,None,1,0,0.0,99999.0,0.0,122603.4725973,0,0
Northern_California_Li_Battery_4hr_31,0,None,1,0,0.0,99999.0,0.0,122603.4725973,0,0
Northern_California_Li_Battery_4hr_35,0,None,1,0,0.0,99999.0,0.0,122603.4725973,0,0
Northern_California_Li_Battery_4hr_38,0,None,1,0,0.0,99999.0,0.0,122603.4725973,0,0
Northern_California_Li_Battery_4hr_41,0,None,1,0,0.0,99999.0,0.0,122603.4725973,0,0
Northern_California_Li_Battery_4hr_44,0,None,1,0,0.0,99999.0,0.0,122603.4725973,0,0
Northern_California_Li_Battery_4hr_5,0,None,1,0,0.0,99999.0,0.0,122603.4725973,0,0
Northern_California_Li_Battery_4hr_51,0,None,1,0,0.0,99999.0,0.0,122603.4725973,0,0
Northern_California_Li_Battery_4hr_57,0,None,1,0,0.0,99999.0,0.0,122603.4725973,0,0
Northern_California_Li_Battery_4hr_68,0,None,1,0,0.0,99999.0,0.0,122603.4725973,0,0
Northern_California_Li_Battery_4hr_70,0,None,1,0,0.0,99999.0,0.0,122603.4725973,0,0
Northern_California_Li_Battery_4hr_73,0,None,1,0,0.0,99999.0,0.0,122603.4725973,0,0
Northern_California_Li_Battery_4hr_76,0,None,1,0,0.0,99999.0,0.0,122603.4725973,0,0
Northern_California_Li_Battery_4hr_80,0,None,1,0,0.0,99999.0,0.0,122603.4725973,0,0
Northern_California_Li_Battery_4hr_82,0,None,1,0,0.0,99999.0,0.0,122603.4725973,0,0
Northern_California_Li_Battery_4hr_83,0,None,1,0,0.0,99999.0,0.0,122603.4725973,0,0
Northern_California_Li_Battery_4hr_84,0,None,1,0,0.0,99999.0,0.0,122603.4725973,0,0
Northern_California_Li_Battery_4hr_85,0,None,1,0,0.0,99999.0,0.0,122603.4725973,0,0
Northern_California_Li_Battery_4hr_92,0,None,1,0,0.0,99999.0,0.0,122603.4725973,0,0
Northern_California_Li_Battery_4hr_94,0,None,1,0,0.0,99999.0,0.0,122603.4725973,0,0
Northern_California_Li_Battery_4hr_96,0,None,1,0,0.0,99999.0,0.0,122603.4725973,0,0
Northern_California_Li_Battery_8hr_100,0,None,1,0,0.0,99999.0,0.0,202043.4725973,0,0
Northern_California_Li_Battery_8hr_112,0,None,1,0,0.0,99999.0,0.0,202043.4725973,0,0
Northern_California_Li_Battery_8hr_113,0,None,1,0,0.0,99999.0,0.0,202043.4725973,0,0
Northern_California_Li_Battery_8hr_114,0,None,1,0,0.0,99999.0,0.0,202043.4725973,0,0
Northern_California_Li_Battery_8hr_116,0,None,1,0,0.0,99999.0,0.0,202043.4725973,0,0
Northern_California_Li_Battery_8hr_121,0,None,1,0,0.0,99999.0,0.0,202043.4725973,0,0
Northern_California_Li_Battery_8hr_122,0,None,1,0,0.0,99999.0,0.0,202043.4725973,0,0
Northern_California_Li_Battery_8hr_126,0,None,1,0,0.0,99999.0,0.0,202043.4725973,0,0
Northern_California_Li_Battery_8hr_127,0,None,1,0,0.0,99999.0,0.0,202043.4725973,0,0
Northern_California_Li_Battery_8hr_130,0,None,1,0,0.0,99999.0,0.0,202043.4725973,0,0
Northern_California_Li_Battery_8hr_132,0,None,1,0,0.0,99999.0,0.0,202043.4725973,0,0
Northern_California_Li_Battery_8hr_135,0,None,1,0,0.0,99999.0,0.0,202043.4725973,0,0
Northern_California_Li_Battery_8hr_138,0,None,1,0,0.0,99999.0,0.0,202043.4725973,0,0
Northern_California_Li_Battery_8hr_141,0,None,1,0,0.0,99999.0,0.0,202043.4725973,0,0
Northern_California_Li_Battery_8hr_144,0,None,1,0,0.0,99999.0,0.0,202043.4725973,0,0
Northern_California_Li_Battery_8hr_149,0,None,1,0,0.0,99999.0,0.0,202043.4725973,0,0
Northern_California_Li_Battery_8hr_150,0,None,1,0,0.0,99999.0,0.0,202043.4725973,0,0
Northern_California_Li_Battery_8hr_155,0,None,1,0,0.0,99999.0,0.0,202043.4725973,0,0
Northern_California_Li_Battery_8hr_157,0,None,1,0,0.0,99999.0,0.0,202043.4725973,0,0
Northern_California_Li_Battery_8hr_158,0,None,1,0,0.0,99999.0,0.0,202043.4725973,0,0
Northern_California_Li_Battery_8hr_159,0,None,1,0,0.0,99999.0,0.0,202043.4725973,0,0
Northern_California_Li_Battery_8hr_166,0,None,1,0,0.0,99999.0,0.0,202043.4725973,0,0
Northern_California_Li_Battery_8hr_172,0,None,1,0,0.0,99999.0,0.0,202043.4725973,0,0
Northern_California_Li_Battery_8hr_178,0,None,1,0,0.0,99999.0,0.0,202043.4725973,0,0
Northern_California_Li_Battery_8hr_179,0,None,1,0,0.0,99999.0,0.0,202043.4725973,0,0
Northern_California_Li_Battery_8hr_180,0,None,1,0,0.0,99999.0,0.0,202043.4725973,0,0
Northern_California_Li_Battery_8hr_25,0,None,1,0,0.0,99999.0,0.0,202043.4725973,0,0
Northern_California_Li_Battery_8hr_26,0,None,1,0,0.0,99999.0,0.0,202043.4725973,0,0
Northern_California_Li_Battery_8hr_29,0,None,1,0,0.0,99999.0,0.0,202043.4725973,0,0
Northern_California_Li_Battery_8hr_31,0,None,1,0,0.0,99999.0,0.0,202043.4725973,0,0
Northern_California_Li_Battery_8hr_35,0,None,1,0,0.0,99999.0,0.0,202043.4725973,0,0
Northern_California_Li_Battery_8hr_38,0,None,1,0,0.0,99999.0,0.0,202043.4725973,0,0
Northern_California_Li_Battery_8hr_41,0,None,1,0,0.0,99999.0,0.0,202043.4725973,0,0
Northern_California_Li_Battery_8hr_44,0,None,1,0,0.0,99999.0,0.0,202043.4725973,0,0
Northern_California_Li_Battery_8hr_5,0,None,1,0,0.0,99999.0,0.0,202043.4725973,0,0
Northern_California_Li_Battery_8hr_51,0,None,1,0,0.0,99999.0,0.0,202043.4725973,0,0
Northern_California_Li_Battery_8hr_57,0,None,1,0,0.0,99999.0,0.0,202043.4725973,0,0
Northern_California_Li_Battery_8hr_68,0,None,1,0,0.0,99999.0,0.0,202043.4725973,0,0
Northern_California_Li_Battery_8hr_70,0,None,1,0,0.0,99999.0,0.0,202043.4725973,0,0
Northern_California_Li_Battery_8hr_73,0,None,1,0,0.0,99999.0,0.0,202043.4725973,0,0
Northern_California_Li_Battery_8hr_76,0,None,1,0,0.0,99999.0,0.0,202043.4725973,0,0
Northern_California_Li_Battery_8hr_80,0,None,1,0,0.0,99999.0,0.0,202043.4725973,0,0
Northern_California_Li_Battery_8hr_82,0,None,1,0,0.0,99999.0,0.0,202043.4725973,0,0
Northern_California_Li_Battery_8hr_83,0,None,1,0,0.0,99999.0,0.0,202043.4725973,0,0
Northern_California_Li_Battery_8hr_84,0,None,1,0,0.0,99999.0,0.0,202043.4725973,0,0
Northern_California_Li_Battery_8hr_85,0,None,1,0,0.0,99999.0,0.0,202043.4725973,0,0
Northern_California_Li_Battery_8hr_92,0,None,1,0,0.0,99999.0,0.0,202043.4725973,0,0
Northern_California_Li_Battery_8hr_94,0,None,1,0,0.0,99999.0,0.0,202043.4725973,0,0
Northern_California_Li_Battery_8hr_96,0,None,1,0,0.0,99999.0,0.0,202043.4725973,0,0
Northern_California_Pumped_Storage_5,0,None,1,0,0.0,393.0,0.0,226259.6425735,0,0
Northern_California_Solar_100,0,None,1,0,0.0,5980.1305787458,0.0,60361.4601162,0,0
Northern_California_Solar_112,0,None,1,0,0.0,263.0597008205,0.0,54318.867366524995,0,0
Northern_California_Solar_113,0,None,1,0,0.0,289.3656748205,0.0,56072.006907,0,0
Northern_California_Solar_114,0,None,1,0,0.0,1417.4440174202,0.0,56875.766065275,0,0
Northern_California_Solar_116,0,None,1,0,0.0,629.664172131,0.0,56126.29119945,0,0
Northern_California_Solar_121,0,None,1,0,0.0,19.5895539572,0.0,53755.160108625,0,0
Northern_California_Solar_122,0,None,1,0,0.0,1022.854477663,0.0,56251.560856575,0,0
Northern_California_Solar_126,0,None,1,0,0.0,1670.4291049395,0.0,55927.508618399996,0,0
Northern_California_Solar_127,0,None,1,0,0.0,4045.2425409444,0.0,60508.777739925004,0,0
Northern_California_Solar_130,0,None,1,0,0.0,2650.1865767139,0.0,61055.899498425,0,0
Northern_California_Solar_132,0,None,1,0,0.0,1007.4626812305,0.0,56854.153765425,0,0
Northern_California_Solar_135,0,None,1,0,0.0,58.7686545955,0.0,54847.4552943,0,0
Northern_California_Solar_138,0,None,1,0,0.0,537.3134371911,0.0,55547.184772875,0,0
Northern_California_Solar_141,0,None,1,0,0.0,4479.0111958913,0.0,59722.152079875,0,0
Northern_California_Solar_144,0,None,1,0,0.0,656.2500029947,0.0,56378.18032305001,0,0
Northern_California_Solar_149,0,None,1,0,0.0,2573.2276174984,0.0,57792.700623975004,0,0
Northern_California_Solar_150,0,None,1,0,0.0,263.0597024995,0.0,55495.6074384,0,0
Northern_California_Solar_155,0,None,1,0,0.0,145.5223882716,0.0,55901.288055900004,0,0
Northern_California_Solar_157,0,None,1,0,0.0,1489.0858317322,0.0,55907.5152672,0,0
Northern_California_Solar_158,0,None,1,0,0.0,340.0186527605,0.0,56957.00886922501,0,0
Northern_California_Solar_159,0,None,1,0,0.0,1031.2499988688,0.0,56204.38805565001,0,0
Northern_California_Solar_166,0,None,1,0,0.0,2247.2014975616,0.0,58927.376963025,0,0
Northern_California_Solar_172,0,None,1,0,0.0,20.9888060922,0.0,55079.834172300005,0,0
Northern_California_Solar_178,0,None,1,0,0.0,877.33209275,0.0,55456.75008075,0,0
Northern_California_Solar_179,0,None,1,0,0.0,2665.018662442,0.0,55300.744609125,0,0
Northern_California_Solar_180,0,None,1,0,0.0,32.1828360453,0.0,56488.044398025,0,0
Northern_California_Solar_25,0,None,1,0,0.0,366.6044836239,0.0,56048.96678107501,0,0
Northern_California_Solar_26,0,None,1,0,0.0,9299.4402835259,0.0,59603.602928099994,0,0
Northern_California_Solar_29,0,None,1,0,0.0,160.9141796668,0.0,55509.167459699995,0,0
Northern_California_Solar_31,0,None,1,0,0.0,428.1716292804,0.0,55031.95440840001,0,0
Northern_California_Solar_35,0,None,1,0,0.0,13050.8395433782,0.0,60898.547970825006,0,0
Northern_California_Solar_38,0,None,1,0,0.0,17059.7015324504,0.0,60692.6453547,0,0
Northern_California_Solar_41,0,None,1,0,0.0,92.3507450146,0.0,56700.82541655,0,0
Northern_California_Solar_44,0,None,1,0,0.0,124.533582739,0.0,54541.37250397501,0,0
Northern_California_Solar_5,0,None,1,0,0.0,14223.9738868329,0.0,59801.949918900005,0,0
Northern_California_Solar_51,0,None,1,0,0.0,475.7462710496,0.0,57627.6063624,0,0
Northern_California_Solar_57,0,None,1,0,0.0,65.7649242257,0.0,56389.055841375,0,0
Northern_California_Solar_5_EO,0,None,1,0,0.0,100.0,0.0,59801.949918900005,0,0
Northern_California_Solar_68,0,None,1,0,0.0,53.1716410181,0.0,55448.1936459,0,0
Northern_California_Solar_70,0,None,1,0,0.0,6250.4664176462,0.0,58690.418057775,0,0
Northern_California_Solar_73,0,None,1,0,0.0,111.9403006508,0.0,58415.479615874996,0,0
Northern_California_Solar_76,0,None,1,0,0.0,1501.3992608186,0.0,56568.645908624996,0,0
Northern_California_Solar_80,0,None,1,0,0.0,3885.7276268455,0.0,58257.9228432,0,0
Northern_California_Solar_82,0,None,1,0,0.0,395.9888064438,0.0,56038.303889175004,0,0
Northern_California_Solar_83,0,None,1,0,0.0,804.5708888195,0.0,55733.501669025,0,0
Northern_California_Solar_84,0,None,1,0,0.0,8445.0559607713,0.0,58821.869727825004,0,0
Northern_California_Solar_85,0,None,1,0,0.0,807.3693992465,0.0,55095.7202364,0,0
Northern_California_Solar_92,0,None,1,0,0.0,922.9477670899,0.0,54541.5163248,0,0
Northern_California_Solar_94,0,None,1,0,0.0,125.9328326352,0.0,55550.910735975,0,0
Northern_California_Solar_96,0,None,1,0,0.0,130.1305963163,0.0,57069.31895010001,0,0
Northern_California_Wind_159,0,None,1,0,0.0,5.7915231623,0.0,110266.0388009,0,0
Northern_California_Wind_26,0,None,1,0,0.0,1456.7611979236,0.0,112138.7317968,0,0
Northern_California_Wind_35,0,None,1,0,0.0,289.1900742899,0.0,118762.1500402,0,0
Northern_California_Wind_5,0,None,1,0,0.0,1172.2043401096,0.0,113700.7707845,0,0
Northern_California_Wind_5_EO,0,None,1,0,0.0,300.0,0.0,113700.7707845,0,0
Northern_California_Wind_76,0,None,1,0,0.0,138.224357512,0.0,111560.8504742,0,0
Northern_California_Wind_83,0,None,1,0,0.0,7.3359276503,0.0,112333.1016706,0,0
Northern_Nevada_Geothermal_19,0,None,1,0,0.0,855.0,0.0,519649.9667716,0,0
Oceano_Calendar_group,0,None,1,0,0.0,1418.0,0.0,65898.8479549,0,0
Oro Loma_El_Nido_group,0,None,1,0,0.0,3192.0,0.0,9583.6466165,0,0
Pacific_Northwest_Geothermal_5,0,None,1,0,0.0,520.0,0.0,511390.855838,0,0
Panoche_Oro_Loma_group,0,None,1,0,0.0,588.0,0.0,0.0,0,0
Pardee_Sylmar_group,0,None,1,0,0.0,1800.0,0.0,33990.0,0,0
Red_Bluff_230_group,0,None,1,0,0.0,1200.0,0.0,5330.25,0,0
Riverside_East_Pumped_Storage_59,0,None,1,0,0.0,1300.0,0.0,226259.6425735,0,0
Riverside_Flow_Battery_129,0,None,1,0,0.0,99999.0,0.0,247877.8919778,0,0
Riverside_Flow_Battery_59,0,None,1,0,0.0,99999.0,0.0,247877.8919778,0,0
Riverside_Flow_Battery_60,0,None,1,0,0.0,99999.0,0.0,247877.8919778,0,0
Riverside_Flow_Battery_9,0,None,1,0,0.0,99999.0,0.0,247877.8919778,0,0
Riverside_Li_Battery_4hr_129,0,None,1,0,0.0,99999.0,0.0,122603.4725973,0,0
Riverside_Li_Battery_4hr_59,0,None,1,0,0.0,99999.0,0.0,122603.4725973,0,0
Riverside_Li_Battery_4hr_60,0,None,1,0,0.0,99999.0,0.0,122603.4725973,0,0
Riverside_Li_Battery_4hr_9,0,None,1,0,0.0,99999.0,0.0,122603.4725973,0,0
Riverside_Li_Battery_8hr_129,0,None,1,0,0.0,99999.0,0.0,202043.4725973,0,0
Riverside_Li_Battery_8hr_59,0,None,1,0,0.0,99999.0,0.0,202043.4725973,0,0
Riverside_Li_Battery_8hr_60,0,None,1,0,0.0,99999.0,0.0,202043.4725973,0,0
Riverside_Li_Battery_8hr_9,0,None,1,0,0.0,99999.0,0.0,202043.4725973,0,0
Riverside_Solar_129,0,None,1,0,0.0,214.0858173268,0.0,49738.953624525006,0,0
Riverside_Solar_59,0,None,1,0,0.0,1234.1417896006,0.0,51352.203487725,0,0
Riverside_Solar_60,0,None,1,0,0.0,884.3283567833,0.0,51824.561051625,0,0
Riverside_Solar_9,0,None,1,0,0.0,6355.4104458685,0.0,50565.899432474995,0,0
Riverside_West_Pumped_Storage_9,0,None,1,0,0.0,500.0,0.0,226259.6425735,0,0
Rocklin_Pleasant_Grove_group,0,None,1,0,0.0,707.0,0.0,16389.6746818,0,0
San_Diego_Pumped_Storage_119,0,None,1,0,0.0,500.0,0.0,226259.6425735,0,0
San_Luis_Rey_San_Onofre_group,0,None,1,0,0.0,3435.0,0.0,2877.7480349,0,0
Semitropic_Midway_group,0,None,1,0,0.0,637.0,0.0,110599.6860283,0,0
Serrano_Alberhill_Valley_group,0,None,1,0,0.0,4327.0,0.0,0.0,0,0
Silvergate_Bay_Blvd_group,0,None,1,0,0.0,4754.0,0.0,584.4155869,0,0
Silvergate_Old_Town_group,0,None,1,0,0.0,2522.0,0.0,10416.8041237,0,0
Smyrna _Q1984_group,0,None,1,0,0.0,687.0,0.0,29685.5895197,0,0
Solano_Wind_122,0,None,1,0,0.0,90.7338666854,0.0,105360.8133527,0,0
Solano_Wind_126,0,None,1,0,0.0,103.0891186517,0.0,103988.4792651,0,0
Solano_Wind_85,0,None,1,0,0.0,276.0626186895,0.0,104958.2236625,0,0
Solano_Wind_94,0,None,1,0,0.0,28.1854149574,0.0,103178.3399876,0,0
South_Magunden_Off_Peak_group,0,None,1,0,0.0,2000.0,0.0,3059.1,0,0
South_Magunden_On_Peak_group,0,None,1,0,0.0,2000.0,0.0,201993.3,0,0
Southern_NV_Eldorado_Flow_Battery_15,0,None,1,0,0.0,99999.0,0.0,247324.3632513,0,0
Southern_NV_Eldorado_Flow_Battery_16,0,None,1,0,0.0,99999.0,0.0,247324.3632513,0,0
Southern_NV_Eldorado_Flow_Battery_19,0,None,1,0,0.0,99999.0,0.0,247324.3632513,0,0
Southern_NV_Eldorado_Flow_Battery_2,0,None,1,0,0.0,99999.0,0.0,247324.3632513,0,0
Southern_NV_Eldorado_Flow_Battery_40,0,None,1,0,0.0,99999.0,0.0,247324.3632513,0,0
Southern_NV_Eldorado_Flow_Battery_42,0,None,1,0,0.0,99999.0,0.0,247324.3632513,0,0
Southern_NV_Eldorado_Li_Battery_4hr_15,0,None,1,0,0.0,99999.0,0.0,121710.9107757,0,0
Southern_NV_Eldorado_Li_Battery_4hr_16,0,None,1,0,0.0,99999.0,0.0,121710.9107757,0,0
Southern_NV_Eldorado_Li_Battery_4hr_19,0,None,1,0,0.0,99999.0,0.0,121710.9107757,0,0
Southern_NV_Eldorado_Li_Battery_4hr_2,0,None,1,0,0.0,99999.0,0.0,121710.9107757,0,0
Southern_NV_Eldorado_Li_Battery_4hr_40,0,None,1,0,0.0,99999.0,0.0,121710.9107757,0,0
Southern_NV_Eldorado_Li_Battery_4hr_42,0,None,1,0,0.0,99999.0,0.0,121710.9107757,0,0
Southern_NV_Eldorado_Li_Battery_8hr_15,0,None,1,0,0.0,99999.0,0.0,201150.9107757,0,0
Southern_NV_Eldorado_Li_Battery_8hr_16,0,None,1,0,0.0,99999.0,0.0,201150.9107757,0,0
Southern_NV_Eldorado_Li_Battery_8hr_19,0,None,1,0,0.0,99999.0,0.0,201150.9107757,0,0
Southern_NV_Eldorado_Li_Battery_8hr_2,0,None,1,0,0.0,99999.0,0.0,201150.9107757,0,0
Southern_NV_Eldorado_Li_Battery_8hr_40,0,None,1,0,0.0,99999.0,0.0,201150.9107757,0,0
Southern_NV_Eldorado_Li_Battery_8hr_42,0,None,1,0,0.0,99999.0,0.0,201150.9107757,0,0
Southern_NV_Eldorado_Solar_15,0,None,1,0,0.0,6553.8246078279,0.0,43779.917444475,0,0
Southern_NV_Eldorado_Solar_16,0,None,1,0,0.0,4431.436583731,0.0,41945.1703059,0,0
Southern_NV_Eldorado_Solar_19,0,None,1,0,0.0,2486.4738631131,0.0,44137.062374475005,0,0
Southern_NV_Eldorado_Solar_2,0,None,1,0,0.0,16695.0559725421,0.0,45068.5423128,0,0
Southern_NV_Eldorado_Solar_2_EO,0,None,1,0,0.0,330.0,0.0,45068.5423128,0,0
Southern_NV_Eldorado_Solar_40,0,None,1,0,0.0,4251.4925404939,0.0,42601.913727675004,0,0
Southern_NV_Eldorado_Solar_42,0,None,1,0,0.0,26186.1940433216,0.0,44704.368501375,0,0
Southern_NV_Eldorado_Wind_15,0,None,1,0,0.0,62.7028928255,0.0,92204.8164993,0,0
Southern_NV_Eldorado_Wind_16,0,None,1,0,0.0,328.9585326992,0.0,88383.6085169,0,0
Southern_NV_Eldorado_Wind_2,0,None,1,0,0.0,319.5376514224,0.0,91889.8102607,0,0
Southern_PGAE_Adiabatic_CAES_12,0,None,1,0,0.0,400.0,0.0,183811.7633042,0,0
Southern_PGAE_Flow_Battery_102,0,None,1,0,0.0,99999.0,0.0,247877.8919778,0,0
Southern_PGAE_Flow_Battery_109,0,None,1,0,0.0,99999.0,0.0,247877.8919778,0,0
Southern_PGAE_Flow_Battery_111,0,None,1,0,0.0,99999.0,0.0,247877.8919778,0,0
Southern_PGAE_Flow_Battery_117,0,None,1,0,0.0,99999.0,0.0,247877.8919778,0,0
Southern_PGAE_Flow_Battery_118,0,None,1,0,0.0,99999.0,0.0,247877.8919778,0,0
Southern_PGAE_Flow_Battery_12,0,None,1,0,0.0,99999.0,0.0,247877.8919778,0,0
Southern_PGAE_Flow_Battery_124,0,None,1,0,0.0,99999.0,0.0,247877.8919778,0,0
Southern_PGAE_Flow_Battery_136,0,None,1,0,0.0,99999.0,0.0,247877.8919778,0,0
Southern_PGAE_Flow_Battery_139,0,None,1,0,0.0,99999.0,0.0,247877.8919778,0,0
Southern_PGAE_Flow_Battery_140,0,None,1,0,0.0,99999.0,0.0,247877.8919778,0,0
Southern_PGAE_Flow_Battery_145,0,None,1,0,0.0,99999.0,0.0,247877.8919778,0,0
Southern_PGAE_Flow_Battery_147,0,None,1,0,0.0,99999.0,0.0,247877.8919778,0,0
Southern_PGAE_Flow_Battery_148,0,None,1,0,0.0,99999.0,0.0,247877.8919778,0,0
Southern_PGAE_Flow_Battery_151,0,None,1,0,0.0,99999.0,0.0,247877.8919778,0,0
Southern_PGAE_Flow_Battery_152,0,None,1,0,0.0,99999.0,0.0,247877.8919778,0,0
Southern_PGAE_Flow_Battery_154,0,None,1,0,0.0,99999.0,0.0,247877.8919778,0,0
Southern_PGAE_Flow_Battery_160,0,None,1,0,0.0,99999.0,0.0,247877.8919778,0,0
Southern_PGAE_Flow_Battery_161,0,None,1,0,0.0,99999.0,0.0,247877.8919778,0,0
Southern_PGAE_Flow_Battery_162,0,None,1,0,0.0,99999.0,0.0,247877.8919778,0,0
Southern_PGAE_Flow_Battery_163,0,None,1,0,0.0,99999.0,0.0,247877.8919778,0,0
Southern_PGAE_Flow_Battery_164,0,None,1,0,0.0,99999.0,0.0,247877.8919778,0,0
Southern_PGAE_Flow_Battery_165,0,None,1,0,0.0,99999.0,0.0,247877.8919778,0,0
Southern_PGAE_Flow_Battery_168,0,None,1,0,0.0,99999.0,0.0,247877.8919778,0,0
Southern_PGAE_Flow_Battery_169,0,None,1,0,0.0,99999.0,0.0,247877.8919778,0,0
Southern_PGAE_Flow_Battery_17,0,None,1,0,0.0,99999.0,0.0,247877.8919778,0,0
Southern_PGAE_Flow_Battery_170,0,None,1,0,0.0,99999.0,0.0,247877.8919778,0,0
Southern_PGAE_Flow_Battery_173,0,None,1,0,0.0,99999.0,0.0,247877.8919778,0,0
Southern_PGAE_Flow_Battery_174,0,None,1,0,0.0,99999.0,0.0,247877.8919778,0,0
Southern_PGAE_Flow_Battery_175,0,None,1,0,0.0,99999.0,0.0,247877.8919778,0,0
Southern_PGAE_Flow_Battery_176,0,None,1,0,0.0,99999.0,0.0,247877.8919778,0,0
Southern_PGAE_Flow_Battery_177,0,None,1,0,0.0,99999.0,0.0,247877.8919778,0,0
Southern_PGAE_Flow_Battery_181,0,None,1,0,0.0,99999.0,0.0,247877.8919778,0,0
Southern_PGAE_Flow_Battery_22,0,None,1,0,0.0,99999.0,0.0,247877.8919778,0,0
Southern_PGAE_Flow_Battery_23,0,None,1,0,0.0,99999.0,0.0,247877.8919778,0,0
Southern_PGAE_Flow_Battery_24,0,None,1,0,0.0,99999.0,0.0,247877.8919778,0,0
Southern_PGAE_Flow_Battery_27,0,None,1,0,0.0,99999.0,0.0,247877.8919778,0,0
Southern_PGAE_Flow_Battery_3,0,None,1,0,0.0,99999.0,0.0,247877.8919778,0,0
Southern_PGAE_Flow_Battery_33,0,None,1,0,0.0,99999.0,0.0,247877.8919778,0,0
Southern_PGAE_Flow_Battery_34,0,None,1,0,0.0,99999.0,0.0,247877.8919778,0,0
Southern_PGAE_Flow_Battery_37,0,None,1,0,0.0,99999.0,0.0,247877.8919778,0,0
Southern_PGAE_Flow_Battery_39,0,None,1,0,0.0,99999.0,0.0,247877.8919778,0,0
Southern_PGAE_Flow_Battery_43,0,None,1,0,0.0,99999.0,0.0,247877.8919778,0,0
Southern_PGAE_Flow_Battery_45,0,None,1,0,0.0,99999.0,0.0,247877.8919778,0,0
Southern_PGAE_Flow_Battery_46,0,None,1,0,0.0,99999.0,0.0,247877.8919778,0,0
Southern_PGAE_Flow_Battery_47,0,None,1,0,0.0,99999.0,0.0,247877.8919778,0,0
Southern_PGAE_Flow_Battery_49,0,None,1,0,0.0,99999.0,0.0,247877.8919778,0,0
Southern_PGAE_Flow_Battery_52,0,None,1,0,0.0,99999.0,0.0,247877.8919778,0,0
Southern_PGAE_Flow_Battery_54,0,None,1,0,0.0,99999.0,0.0,247877.8919778,0,0
Southern_PGAE_Flow_Battery_61,0,None,1,0,0.0,99999.0,0.0,247877.8919778,0,0
Southern_PGAE_Flow_Battery_69,0,None,1,0,0.0,99999.0,0.0,247877.8919778,0,0
Southern_PGAE_Flow_Battery_72,0,None,1,0,0.0,99999.0,0.0,247877.8919778,0,0
Southern_PGAE_Flow_Battery_74,0,None,1,0,0.0,99999.0,0.0,247877.8919778,0,0
Southern_PGAE_Flow_Battery_75,0,None,1,0,0.0,99999.0,0.0,247877.8919778,0,0
Southern_PGAE_Flow_Battery_79,0,None,1,0,0.0,99999.0,0.0,247877.8919778,0,0
Southern_PGAE_Flow_Battery_8,0,None,1,0,0.0,99999.0,0.0,247877.8919778,0,0
Southern_PGAE_Flow_Battery_93,0,None,1,0,0.0,99999.0,0.0,247877.8919778,0,0
Southern_PGAE_Flow_Battery_95,0,None,1,0,0.0,99999.0,0.0,247877.8919778,0,0
Southern_PGAE_Flow_Battery_98,0,None,1,0,0.0,99999.0,0.0,247877.8919778,0,0
Southern_PGAE_Flow_Battery_99,0,None,1,0,0.0,99999.0,0.0,247877.8919778,0,0
Southern_PGAE_Li_Battery_4hr_102,0,None,1,0,0.0,99999.0,0.0,122603.4725973,0,0
Southern_PGAE_Li_Battery_4hr_109,0,None,1,0,0.0,99999.0,0.0,122603.4725973,0,0
Southern_PGAE_Li_Battery_4hr_111,0,None,1,0,0.0,99999.0,0.0,122603.4725973,0,0
Southern_PGAE_Li_Battery_4hr_117,0,None,1,0,0.0,99999.0,0.0,122603.4725973,0,0
Southern_PGAE_Li_Battery_4hr_118,0,None,1,0,0.0,99999.0,0.0,122603.4725973,0,0
Southern_PGAE_Li_Battery_4hr_12,0,None,1,0,0.0,99999.0,0.0,122603.4725973,0,0
Southern_PGAE_Li_Battery_4hr_124,0,None,1,0,0.0,99999.0,0.0,122603.4725973,0,0
Southern_PGAE_Li_Battery_4hr_136,0,None,1,0,0.0,99999.0,0.0,122603.4725973,0,0
Southern_PGAE_Li_Battery_4hr_139,0,None,1,0,0.0,99999.0,0.0,122603.4725973,0,0
Southern_PGAE_Li_Battery_4hr_140,0,None,1,0,0.0,99999.0,0.0,122603.4725973,0,0
Southern_PGAE_Li_Battery_4hr_145,0,None,1,0,0.0,99999.0,0.0,122603.4725973,0,0
Southern_PGAE_Li_Battery_4hr_147,0,None,1,0,0.0,99999.0,0.0,122603.4725973,0,0
Southern_PGAE_Li_Battery_4hr_148,0,None,1,0,0.0,99999.0,0.0,122603.4725973,0,0
Southern_PGAE_Li_Battery_4hr_151,0,None,1,0,0.0,99999.0,0.0,122603.4725973,0,0
Southern_PGAE_Li_Battery_4hr_152,0,None,1,0,0.0,99999.0,0.0,122603.4725973,0,0
Southern_PGAE_Li_Battery_4hr_154,0,None,1,0,0.0,99999.0,0.0,122603.4725973,0,0
Southern_PGAE_Li_Battery_4hr_160,0,None,1,0,0.0,99999.0,0.0,122603.4725973,0,0
Southern_PGAE_Li_Battery_4hr_161,0,None,1,0,0.0,99999.0,0.0,122603.4725973,0,0
Southern_PGAE_Li_Battery_4hr_162,0,None,1,0,0.0,99999.0,0.0,122603.4725973,0,0
Southern_PGAE_Li_Battery_4hr_163,0,None,1,0,0.0,99999.0,0.0,122603.4725973,0,0
Southern_PGAE_Li_Battery_4hr_164,0,None,1,0,0.0,99999.0,0.0,122603.4725973,0,0
Southern_PGAE_Li_Battery_4hr_165,0,None,1,0,0.0,99999.0,0.0,122603.4725973,0,0
Southern_PGAE_Li_Battery_4hr_168,0,None,1,0,0.0,99999.0,0.0,122603.4725973,0,0
Southern_PGAE_Li_Battery_4hr_169,0,None,1,0,0.0,99999.0,0.0,122603.4725973,0,0
Southern_PGAE_Li_Battery_4hr_17,0,None,1,0,0.0,99999.0,0.0,122603.4725973,0,0
Southern_PGAE_Li_Battery_4hr_170,0,None,1,0,0.0,99999.0,0.0,122603.4725973,0,0
Southern_PGAE_Li_Battery_4hr_173,0,None,1,0,0.0,99999.0,0.0,122603.4725973,0,0
Southern_PGAE_Li_Battery_4hr_174,0,None,1,0,0.0,99999.0,0.0,122603.4725973,0,0
Southern_PGAE_Li_Battery_4hr_175,0,None,1,0,0.0,99999.0,0.0,122603.4725973,0,0
Southern_PGAE_Li_Battery_4hr_176,0,None,1,0,0.0,99999.0,0.0,122603.4725973,0,0
Southern_PGAE_Li_Battery_4hr_177,0,None,1,0,0.0,99999.0,0.0,122603.4725973,0,0
Southern_PGAE_Li_Battery_4hr_181,0,None,1,0,0.0,99999.0,0.0,122603.4725973,0,0
Southern_PGAE_Li_Battery_4hr_22,0,None,1,0,0.0,99999.0,0.0,122603.4725973,0,0
Southern_PGAE_Li_Battery_4hr_23,0,None,1,0,0.0,99999.0,0.0,122603.4725973,0,0
Southern_PGAE_Li_Battery_4hr_24,0,None,1,0,0.0,99999.0,0.0,122603.4725973,0,0
Southern_PGAE_Li_Battery_4hr_27,0,None,1,0,0.0,99999.0,0.0,122603.4725973,0,0
Southern_PGAE_Li_Battery_4hr_3,0,None,1,0,0.0,99999.0,0.0,122603.4725973,0,0
Southern_PGAE_Li_Battery_4hr_33,0,None,1,0,0.0,99999.0,0.0,122603.4725973,0,0
Southern_PGAE_Li_Battery_4hr_34,0,None,1,0,0.0,99999.0,0.0,122603.4725973,0,0
Southern_PGAE_Li_Battery_4hr_37,0,None,1,0,0.0,99999.0,0.0,122603.4725973,0,0
Southern_PGAE_Li_Battery_4hr_39,0,None,1,0,0.0,99999.0,0.0,122603.4725973,0,0
Southern_PGAE_Li_Battery_4hr_43,0,None,1,0,0.0,99999.0,0.0,122603.4725973,0,0
Southern_PGAE_Li_Battery_4hr_45,0,None,1,0,0.0,99999.0,0.0,122603.4725973,0,0
Southern_PGAE_Li_Battery_4hr_46,0,None,1,0,0.0,99999.0,0.0,122603.4725973,0,0
Southern_PGAE_Li_Battery_4hr_47,0,None,1,0,0.0,99999.0,0.0,122603.4725973,0,0
Southern_PGAE_Li_Battery_4hr_49,0,None,1,0,0.0,99999.0,0.0,122603.4725973,0,0
Southern_PGAE_Li_Battery_4hr_52,0,None,1,0,0.0,99999.0,0.0,122603.4725973,0,0
Southern_PGAE_Li_Battery_4hr_54,0,None,1,0,0.0,99999.0,0.0,122603.4725973,0,0
Southern_PGAE_Li_Battery_4hr_61,0,None,1,0,0.0,99999.0,0.0,122603.4725973,0,0
Southern_PGAE_Li_Battery_4hr_69,0,None,1,0,0.0,99999.0,0.0,122603.4725973,0,0
Southern_PGAE_Li_Battery_4hr_72,0,None,1,0,0.0,99999.0,0.0,122603.4725973,0,0
Southern_PGAE_Li_Battery_4hr_74,0,None,1,0,0.0,99999.0,0.0,122603.4725973,0,0
Southern_PGAE_Li_Battery_4hr_75,0,None,1,0,0.0,99999.0,0.0,122603.4725973,0,0
Southern_PGAE_Li_Battery_4hr_79,0,None,1,0,0.0,99999.0,0.0,122603.4725973,0,0
Southern_PGAE_Li_Battery_4hr_8,0,None,1,0,0.0,99999.0,0.0,122603.4725973,0,0
Southern_PGAE_Li_Battery_4hr_93,0,None,1,0,0.0,99999.0,0.0,122603.4725973,0,0
Southern_PGAE_Li_Battery_4hr_95,0,None,1,0,0.0,99999.0,0.0,122603.4725973,0,0
Southern_PGAE_Li_Battery_4hr_98,0,None,1,0,0.0,99999.0,0.0,122603.4725973,0,0
Southern_PGAE_Li_Battery_4hr_99,0,None,1,0,0.0,99999.0,0.0,122603.4725973,0,0
Southern_PGAE_Li_Battery_8hr_102,0,None,1,0,0.0,99999.0,0.0,202043.4725973,0,0
Southern_PGAE_Li_Battery_8hr_109,0,None,1,0,0.0,99999.0,0.0,202043.4725973,0,0
Southern_PGAE_Li_Battery_8hr_111,0,None,1,0,0.0,99999.0,0.0,202043.4725973,0,0
Southern_PGAE_Li_Battery_8hr_117,0,None,1,0,0.0,99999.0,0.0,202043.4725973,0,0
Southern_PGAE_Li_Battery_8hr_118,0,None,1,0,0.0,99999.0,0.0,202043.4725973,0,0
Southern_PGAE_Li_Battery_8hr_12,0,None,1,0,0.0,99999.0,0.0,202043.4725973,0,0
Southern_PGAE_Li_Battery_8hr_124,0,None,1,0,0.0,99999.0,0.0,202043.4725973,0,0
Southern_PGAE_Li_Battery_8hr_136,0,None,1,0,0.0,99999.0,0.0,202043.4725973,0,0
Southern_PGAE_Li_Battery_8hr_139,0,None,1,0,0.0,99999.0,0.0,202043.4725973,0,0
Southern_PGAE_Li_Battery_8hr_140,0,None,1,0,0.0,99999.0,0.0,202043.4725973,0,0
Southern_PGAE_Li_Battery_8hr_145,0,None,1,0,0.0,99999.0,0.0,202043.4725973,0,0
Southern_PGAE_Li_Battery_8hr_147,0,None,1,0,0.0,99999.0,0.0,202043.4725973,0,0
Southern_PGAE_Li_Battery_8hr_148,0,None,1,0,0.0,99999.0,0.0,202043.4725973,0,0
Southern_PGAE_Li_Battery_8hr_151,0,None,1,0,0.0,99999.0,0.0,202043.4725973,0,0
Southern_PGAE_Li_Battery_8hr_152,0,None,1,0,0.0,99999.0,0.0,202043.4725973,0,0
Southern_PGAE_Li_Battery_8hr_154,0,None,1,0,0.0,99999.0,0.0,202043.4725973,0,0
Southern_PGAE_Li_Battery_8hr_160,0,None,1,0,0.0,99999.0,0.0,202043.4725973,0,0
Southern_PGAE_Li_Battery_8hr_161,0,None,1,0,0.0,99999.0,0.0,202043.4725973,0,0
Southern_PGAE_Li_Battery_8hr_162,0,None,1,0,0.0,99999.0,0.0,202043.4725973,0,0
Southern_PGAE_Li_Battery_8hr_163,0,None,1,0,0.0,99999.0,0.0,202043.4725973,0,0
Southern_PGAE_Li_Battery_8hr_164,0,None,1,0,0.0,99999.0,0.0,202043.4725973,0,0
Southern_PGAE_Li_Battery_8hr_165,0,None,1,0,0.0,99999.0,0.0,202043.4725973,0,0
Southern_PGAE_Li_Battery_8hr_168,0,None,1,0,0.0,99999.0,0.0,202043.4725973,0,0
Southern_PGAE_Li_Battery_8hr_169,0,None,1,0,0.0,99999.0,0.0,202043.4725973,0,0
Southern_PGAE_Li_Battery_8hr_17,0,None,1,0,0.0,99999.0,0.0,202043.4725973,0,0
Southern_PGAE_Li_Battery_8hr_170,0,None,1,0,0.0,99999.0,0.0,202043.4725973,0,0
Southern_PGAE_Li_Battery_8hr_173,0,None,1,0,0.0,99999.0,0.0,202043.4725973,0,0
Southern_PGAE_Li_Battery_8hr_174,0,None,1,0,0.0,99999.0,0.0,202043.4725973,0,0
Southern_PGAE_Li_Battery_8hr_175,0,None,1,0,0.0,99999.0,0.0,202043.4725973,0,0
Southern_PGAE_Li_Battery_8hr_176,0,None,1,0,0.0,99999.0,0.0,202043.4725973,0,0
Southern_PGAE_Li_Battery_8hr_177,0,None,1,0,0.0,99999.0,0.0,202043.4725973,0,0
Southern_PGAE_Li_Battery_8hr_181,0,None,1,0,0.0,99999.0,0.0,202043.4725973,0,0
Southern_PGAE_Li_Battery_8hr_22,0,None,1,0,0.0,99999.0,0.0,202043.4725973,0,0
Southern_PGAE_Li_Battery_8hr_23,0,None,1,0,0.0,99999.0,0.0,202043.4725973,0,0
Southern_PGAE_Li_Battery_8hr_24,0,None,1,0,0.0,99999.0,0.0,202043.4725973,0,0
Southern_PGAE_Li_Battery_8hr_27,0,None,1,0,0.0,99999.0,0.0,202043.4725973,0,0
Southern_PGAE_Li_Battery_8hr_3,0,None,1,0,0.0,99999.0,0.0,202043.4725973,0,0
Southern_PGAE_Li_Battery_8hr_33,0,None,1,0,0.0,99999.0,0.0,202043.4725973,0,0
Southern_PGAE_Li_Battery_8hr_34,0,None,1,0,0.0,99999.0,0.0,202043.4725973,0,0
Southern_PGAE_Li_Battery_8hr_37,0,None,1,0,0.0,99999.0,0.0,202043.4725973,0,0
Southern_PGAE_Li_Battery_8hr_39,0,None,1,0,0.0,99999.0,0.0,202043.4725973,0,0
Southern_PGAE_Li_Battery_8hr_43,0,None,1,0,0.0,99999.0,0.0,202043.4725973,0,0
Southern_PGAE_Li_Battery_8hr_45,0,None,1,0,0.0,99999.0,0.0,202043.4725973,0,0
Southern_PGAE_Li_Battery_8hr_46,0,None,1,0,0.0,99999.0,0.0,202043.4725973,0,0
Southern_PGAE_Li_Battery_8hr_47,0,None,1,0,0.0,99999.0,0.0,202043.4725973,0,0
Southern_PGAE_Li_Battery_8hr_49,0,None,1,0,0.0,99999.0,0.0,202043.4725973,0,0
Southern_PGAE_Li_Battery_8hr_52,0,None,1,0,0.0,99999.0,0.0,202043.4725973,0,0
Southern_PGAE_Li_Battery_8hr_54,0,None,1,0,0.0,99999.0,0.0,202043.4725973,0,0
Southern_PGAE_Li_Battery_8hr_61,0,None,1,0,0.0,99999.0,0.0,202043.4725973,0,0
Southern_PGAE_Li_Battery_8hr_69,0,None,1,0,0.0,99999.0,0.0,202043.4725973,0,0
Southern_PGAE_Li_Battery_8hr_72,0,None,1,0,0.0,99999.0,0.0,202043.4725973,0,0
Southern_PGAE_Li_Battery_8hr_74,0,None,1,0,0.0,99999.0,0.0,202043.4725973,0,0
Southern_PGAE_Li_Battery_8hr_75,0,None,1,0,0.0,99999.0,0.0,202043.4725973,0,0
Southern_PGAE_Li_Battery_8hr_79,0,None,1,0,0.0,99999.0,0.0,202043.4725973,0,0
Southern_PGAE_Li_Battery_8hr_8,0,None,1,0,0.0,99999.0,0.0,202043.4725973,0,0
Southern_PGAE_Li_Battery_8hr_93,0,None,1,0,0.0,99999.0,0.0,202043.4725973,0,0
Southern_PGAE_Li_Battery_8hr_95,0,None,1,0,0.0,99999.0,0.0,202043.4725973,0,0
Southern_PGAE_Li_Battery_8hr_98,0,None,1,0,0.0,99999.0,0.0,202043.4725973,0,0
Southern_PGAE_Li_Battery_8hr_99,0,None,1,0,0.0,99999.0,0.0,202043.4725973,0,0
Southern_PGAE_Solar_102,0,None,1,0,0.0,191.6977618981,0.0,50376.577440375,0,0
Southern_PGAE_Solar_109,0,None,1,0,0.0,12675.2798389254,0.0,55268.875228799996,0,0
Southern_PGAE_Solar_111,0,None,1,0,0.0,365.7649231639,0.0,51052.783080299996,0,0
Southern_PGAE_Solar_117,0,None,1,0,0.0,2302.6119409323,0.0,51710.175160725,0,0
Southern_PGAE_Solar_118,0,None,1,0,0.0,5543.0037180032,0.0,51018.4265679,0,0
Southern_PGAE_Solar_12,0,None,1,0,0.0,3980.8768811672,0.0,54038.760741524995,0,0
Southern_PGAE_Solar_124,0,None,1,0,0.0,7742.0709006473,0.0,55704.13352819999,0,0
Southern_PGAE_Solar_136,0,None,1,0,0.0,375.0000025907,0.0,50976.6827403,0,0
Southern_PGAE_Solar_139,0,None,1,0,0.0,474.3470177952,0.0,54839.6826915,0,0
Southern_PGAE_Solar_140,0,None,1,0,0.0,61.5671639028,0.0,50397.198355650005,0,0
Southern_PGAE_Solar_145,0,None,1,0,0.0,4664.2723927076,0.0,51723.45821137499,0,0
Southern_PGAE_Solar_147,0,None,1,0,0.0,6039.7388534094,0.0,50640.037768125,0,0
Southern_PGAE_Solar_148,0,None,1,0,0.0,1858.2089559902,0.0,51132.605508375,0,0
Southern_PGAE_Solar_151,0,None,1,0,0.0,1625.9328474758,0.0,51041.17137509999,0,0
Southern_PGAE_Solar_152,0,None,1,0,0.0,2547.4813536986,0.0,51199.96916474999,0,0
Southern_PGAE_Solar_154,0,None,1,0,0.0,674.4403020182,0.0,41444.22865335,0,0
Southern_PGAE_Solar_160,0,None,1,0,0.0,286.2873146943,0.0,50879.7358653,0,0
Southern_PGAE_Solar_161,0,None,1,0,0.0,1956.1567229775,0.0,52601.042127,0,0
Southern_PGAE_Solar_162,0,None,1,0,0.0,801.7723884674,0.0,54461.53496115,0,0
Southern_PGAE_Solar_163,0,None,1,0,0.0,1487.4067260358,0.0,51996.555027975,0,0
Southern_PGAE_Solar_164,0,None,1,0,0.0,299.4402915916,0.0,52462.02473774999,0,0
Southern_PGAE_Solar_165,0,None,1,0,0.0,1812.8731282715,0.0,50951.13885029999,0,0
Southern_PGAE_Solar_168,0,None,1,0,0.0,6654.2910546285,0.0,49056.159623025,0,0
Southern_PGAE_Solar_169,0,None,1,0,0.0,3603.0783561721,0.0,52211.564974875,0,0
Southern_PGAE_Solar_17,0,None,1,0,0.0,440.7649212193,0.0,50919.729457875,0,0
Southern_PGAE_Solar_170,0,None,1,0,0.0,612.8731397945,0.0,55400.25333255,0,0
Southern_PGAE_Solar_173,0,None,1,0,0.0,1177.0522334255,0.0,51622.520409000004,0,0
Southern_PGAE_Solar_174,0,None,1,0,0.0,1311.9402984189,0.0,53571.20962275001,0,0
Southern_PGAE_Solar_175,0,None,1,0,0.0,427.0522386545,0.0,49199.24827635,0,0
Southern_PGAE_Solar_176,0,None,1,0,0.0,1674.3470144435,0.0,50547.55428105,0,0
Southern_PGAE_Solar_177,0,None,1,0,0.0,2101.1194046861,0.0,51102.82267380001,0,0
Southern_PGAE_Solar_181,0,None,1,0,0.0,3074.4402924606,0.0,51979.695474449996,0,0
Southern_PGAE_Solar_22,0,None,1,0,0.0,433.7686549473,0.0,50804.92703407501,0,0
Southern_PGAE_Solar_23,0,None,1,0,0.0,976.6790928427,0.0,50396.43210615001,0,0
Southern_PGAE_Solar_24,0,None,1,0,0.0,3321.8283470372,0.0,53145.8765751,0,0
Southern_PGAE_Solar_27,0,None,1,0,0.0,22.3880593466,0.0,50012.041595325005,0,0
Southern_PGAE_Solar_3,0,None,1,0,0.0,324.626872559,0.0,49767.801991199995,0,0
Southern_PGAE_Solar_33,0,None,1,0,0.0,2634.7947864383,0.0,52898.784041324994,0,0
Southern_PGAE_Solar_34,0,None,1,0,0.0,201.4925391565,0.0,43704.309542475006,0,0
Southern_PGAE_Solar_37,0,None,1,0,0.0,1757.4626808151,0.0,51863.26304227501,0,0
Southern_PGAE_Solar_39,0,None,1,0,0.0,288.2462621983,0.0,50316.5648892,0,0
Southern_PGAE_Solar_43,0,None,1,0,0.0,3393.7499899477,0.0,51327.139005375,0,0
Southern_PGAE_Solar_45,0,None,1,0,0.0,682.8358260223,0.0,50656.49913314999,0,0
Southern_PGAE_Solar_46,0,None,1,0,0.0,27.985074603,0.0,49247.17270342501,0,0
Southern_PGAE_Solar_47,0,None,1,0,0.0,9275.3731074567,0.0,52100.176522875,0,0
Southern_PGAE_Solar_49,0,None,1,0,0.0,3929.1044673214,0.0,49894.4822472,0,0
Southern_PGAE_Solar_52,0,None,1,0,0.0,34.70149056,0.0,49439.023379925005,0,0
Southern_PGAE_Solar_54,0,None,1,0,0.0,1083.0223807557,0.0,55141.8214245,0,0
Southern_PGAE_Solar_61,0,None,1,0,0.0,2671.1753749705,0.0,54423.67568715,0,0
Southern_PGAE_Solar_69,0,None,1,0,0.0,32.1828354856,0.0,43865.299727100006,0,0
Southern_PGAE_Solar_72,0,None,1,0,0.0,246.2686656856,0.0,50387.45847517499,0,0
Southern_PGAE_Solar_74,0,None,1,0,0.0,338.6193983867,0.0,49484.952102675,0,0
Southern_PGAE_Solar_75,0,None,1,0,0.0,214.0858190059,0.0,49047.29374875,0,0
Southern_PGAE_Solar_79,0,None,1,0,0.0,493.9365717524,0.0,50659.806872700006,0,0
Southern_PGAE_Solar_8,0,None,1,0,0.0,629.6641805266,0.0,42620.2566858,0,0
Southern_PGAE_Solar_93,0,None,1,0,0.0,2057.7425426613,0.0,42780.4118367,0,0
Southern_PGAE_Solar_95,0,None,1,0,0.0,2597.8544727046,0.0,52052.974788374995,0,0
Southern_PGAE_Solar_98,0,None,1,0,0.0,1133.3955345744,0.0,55308.528086025,0,0
Southern_PGAE_Solar_99,0,None,1,0,0.0,1943.5634470463,0.0,51983.24332545001,0,0
Subacco_group,0,None,1,0,0.0,460.0,0.0,80608.6956522,0,0
Talega_230_group,0,None,1,0,0.0,2201.0,0.0,8869.8864153,0,0
Tehachapi_Adiabatic_CAES_13,0,None,1,0,0.0,500.0,0.0,183811.7633042,0,0
Tehachapi_Flow_Battery_101,0,None,1,0,0.0,99999.0,0.0,247877.8919778,0,0
Tehachapi_Flow_Battery_125,0,None,1,0,0.0,99999.0,0.0,247877.8919778,0,0
Tehachapi_Flow_Battery_13,0,None,1,0,0.0,99999.0,0.0,247877.8919778,0,0
Tehachapi_Flow_Battery_28,0,None,1,0,0.0,99999.0,0.0,247877.8919778,0,0
Tehachapi_Flow_Battery_32,0,None,1,0,0.0,99999.0,0.0,247877.8919778,0,0
Tehachapi_Flow_Battery_66,0,None,1,0,0.0,99999.0,0.0,247877.8919778,0,0
Tehachapi_Flow_Battery_78,0,None,1,0,0.0,99999.0,0.0,247877.8919778,0,0
Tehachapi_Li_Battery_4hr_101,0,None,1,0,0.0,99999.0,0.0,122603.4725973,0,0
Tehachapi_Li_Battery_4hr_125,0,None,1,0,0.0,99999.0,0.0,122603.4725973,0,0
Tehachapi_Li_Battery_4hr_13,0,None,1,0,0.0,99999.0,0.0,122603.4725973,0,0
Tehachapi_Li_Battery_4hr_28,0,None,1,0,0.0,99999.0,0.0,122603.4725973,0,0
Tehachapi_Li_Battery_4hr_32,0,None,1,0,0.0,99999.0,0.0,122603.4725973,0,0
Tehachapi_Li_Battery_4hr_66,0,None,1,0,0.0,99999.0,0.0,122603.4725973,0,0
Tehachapi_Li_Battery_4hr_78,0,None,1,0,0.0,99999.0,0.0,122603.4725973,0,0
Tehachapi_Li_Battery_8hr_101,0,None,1,0,0.0,99999.0,0.0,202043.4725973,0,0
Tehachapi_Li_Battery_8hr_125,0,None,1,0,0.0,99999.0,0.0,202043.4725973,0,0
Tehachapi_Li_Battery_8hr_13,0,None,1,0,0.0,99999.0,0.0,202043.4725973,0,0
Tehachapi_Li_Battery_8hr_28,0,None,1,0,0.0,99999.0,0.0,202043.4725973,0,0
Tehachapi_Li_Battery_8hr_32,0,None,1,0,0.0,99999.0,0.0,202043.4725973,0,0
Tehachapi_Li_Battery_8hr_66,0,None,1,0,0.0,99999.0,0.0,202043.4725973,0,0
Tehachapi_Li_Battery_8hr_78,0,None,1,0,0.0,99999.0,0.0,202043.4725973,0,0
Tehachapi_Pumped_Storage_32,0,None,1,0,0.0,480.0,0.0,226259.6425735,0,0
Tehachapi_Solar_101,0,None,1,0,0.0,14185.3545078691,0.0,50356.39209195,0,0
Tehachapi_Solar_125,0,None,1,0,0.0,631.0634393779,0.0,51768.5207259,0,0
Tehachapi_Solar_13,0,None,1,0,0.0,2951.5858164812,0.0,48000.341178675,0,0
Tehachapi_Solar_28,0,None,1,0,0.0,874.5335800847,0.0,49050.936069075,0,0
Tehachapi_Solar_32,0,None,1,0,0.0,6712.2201320849,0.0,51180.429544425,0,0
Tehachapi_Solar_66,0,None,1,0,0.0,3314.5522359352,0.0,49183.658437050006,0,0
Tehachapi_Solar_78,0,None,1,0,0.0,387.5932835595,0.0,47880.775657349994,0,0
Tehachapi_Wind_13,0,None,1,0,0.0,1241.3165279776,0.0,99329.869198,0,0
Tehachapi_Wind_18,0,None,1,0,0.0,247.4911036912,0.0,100298.0673098,0,0
Tehachapi_Wind_32,0,None,1,0,0.0,242.8578826594,0.0,103278.3879668,0,0
Tesla_Tracy_Pump_1_group,0,None,1,0,0.0,4344.0,0.0,533.4944751,0,0
Trabuco_Capistrano_group,0,None,1,0,0.0,556.0,0.0,17233.8636691,0,0
VEA_138_group,0,None,1,0,0.0,1367.0,0.0,0.0,0,0
Victor_Lugo_group,0,None,1,0,0.0,1221.0,0.0,0.0,0,0
Vincent_Lugo_group,0,None,1,0,0.0,2000.0,0.0,3981.465,0,0
Windhub_group,0,None,1,0,0.0,2500.0,0.0,22692.96,0,0
Woodland_Davis_group,0,None,1,0,0.0,109.0,0.0,7933.929357800001,0,0
Wyoming_Wind_19,0,None,1,0,0.0,4000.0,0.0,214481.0617713,0,0
